;marca;preco
0;Cadeira Gamer KBM! GAMING CG200, Preto - Pistão Classe 3, Almofadas cabeça e lombar - KGCG200PT;R$ 469,90
1;Cadeira Gamer KBM! GAMING Tempest CG500 Preta Com Almofadas, Descanso Para Pernas Retrátil, Reclinável - KGCG500PT;R$ 699,90
2;Cadeira Gamer KBM! GAMING Tempest CG600, Cinza Claro, Com Almofadas, Descanso Para Pernas Retrátil, Reclinável - KGCG600CZ;R$ 789,99
3;Cadeira Gamer KBM! GAMING Tempest CG600, Preta e Vermelho, Com Almofadas, Descanso Para Pernas Retrátil, Reclinável - KGCG600PTVM;R$ 789,99
4;Cadeira Gamer KBM! GAMING Tempest CG600, Branco, Com Almofadas, Descanso Para Pernas Retrátil, Reclinável - KGCG600BR;R$ 789,99
5;Cadeira Gamer KBM! GAMING Tempest CG600, Preta, Com Almofadas, Descanso Para Pernas Retrátil, Reclinável - KGCG600PT;R$ 789,99
6;Cadeira Gamer Vermelha Prizi - Jx-1039r;R$ 405,90
7;Cadeira Gamer KBM! GAMING Tempest CG500, Preta e Branco, Com Almofadas, Descanso Para Pernas Retrátil, Reclinável - KGCG500PTBR;R$ 689,90
8;Cadeira Gamer Prizi Canvas, Até 120Kg, Com Almofadas, Preta;R$ 405,90
9;Cadeira Gamer KBM! GAMING Tempest CG500 Preta e Roxa, Com Almofadas, Descanso Para Pernas Retrátil, Reclinável - KGCG500PTRX;R$ 689,90
10;Cadeira Gamer KBM! GAMING CG200, Preto e Branco - Pistão Classe 3, Almofadas cabeça e lombar - KGCG200PTBR;R$ 469,90
11;Cadeira Gamer Prizi, Amarela, Com Almofadas - JX-1039Y;R$ 405,90
12;Cadeira Gamer Corsair TC100 Relaxed Fabric, Até 120Kg, Com Almofadas, Reclinável, Cilindro de Gás Classe 4, Preto - CF-9010051-WW;R$ 999,99
13;Cadeira Gamer Alpha Gamer Vega, Preto, Reclinável, com Almofadas, Cilindro de Gás Classe 4;R$ 814,54
14;Cadeira Gamer KBM! GAMING Tempest CG500, Preta e Azul, Com Almofadas, Descanso Para Pernas Retrátil, Reclinável - KGCG500PTAZ;R$ 689,90
15;Cadeira Gamer Mymax MX5, Até 150kg, Com Almofadas, Reclinável, Descanso de Braço 2D, Preto - MGCH-MX5/BK;R$ 689,90
16;Cadeira Gamer Prizi Canvas, Até 120kG, Ajuste De Altura, Apoio Para Os Pés, Preta;R$ 405,90
17;Cadeira Gamer Alpha Gamer Nebula XL Fabric, Até 150 kg, Apoio de Braço 4D, Reclinável, Cinza - AGNEBULAXL;R$ 1.059,90
18;Cadeira Gamer Fox Office Fox Racer, até 130kgs, com RGB e Iluminação LED, com almofadas, Reclinável, Preta;R$ 689,00
19;Cadeira Gamer Prizi Jx-1039g, até 120 kg, com Almofadas para Pescoço e Lombar, Regulagem de altura, Verde;R$ 418,71
20;Cadeira Gamer Corsair TC100 Relaxed Fabric, Até 120Kg, Com Almofadas, Reclinável, Cilindro de Gás Classe 4, Preto e Cinza - CF-9010052-WW;R$ 999,99
21;Cadeira Gamer XT Racer Platinum W Series, Até 120kg, Com Almofadas, Reclinável, Descanso de Braço 3D, Marrom - XTR-016;R$ 1.249,99
22;Cadeira Gamer XT Racer Platinum W Series, Até 120kg, Com Almofadas, Reclinável, Descanso de Braço 3D, Preto - XTR-010;R$ 1.044,90
23;Cadeira Gamer KBM! GAMING CG200, Preto e Vermelho - Pistão Classe 3, Almofadas cabeça e lombar - KGCG200PTVM;R$ 459,90
24;Cadeira Gamer Alpha Gamer Nebula Fabric, Até 150 kg, Apoio de Braço 4D, Reclinável, Cinza - AGNEBULA;R$ 1.199,99
25;Cadeira Gamer Corsair T3 Rush 2023, Até 120Kg, Com Almofadas, Reclinável, Apoio de Braços 4D, Cinza e Preto - CF-9010056-WW;R$ 1.359,90
26;Cadeira Gamer Corsair TC200 Fabric, Até 120Kg, Apoio de Braços 4D, Almofadas, Reclinável, Cilindro de Gás Classe 4, Preto - CF-9010049-WW;R$ 1.429,90
27;Cadeira Gamer ThunderX3 TGC12, Até 120kg, com Almofadas, Reclinável, Preto;R$ 1.039,90
28;Cadeira Gamer Falcon, Meteora, Preta;R$ 479,90
29;Cadeira Gamer ThunderX3 TGC12, Preto e Vermelho, Reclinável, com Almofadas, Cilindro de Gás Classe 4;R$ 969,99
30;Cadeira Gamer Corsair TC100 Relaxed Leatherette, Até 120Kg, Com Almofadas, Reclinável, Cilindro de Gás Classe 4, Preto - CF-9010050-WW;R$ 899,90
31;Cadeira Gamer Falcon, Cosmic, Preta;R$ 549,90
32;Cadeira Gamer Alpha Gamer Vega, Preto e Vermelho, Reclinável, com Almofadas, Cilindro de Gás Classe 4;R$ 799,90
33;Cadeira Gamer XT Racer Platinum W Series, Até 120kg, Com Almofadas, Reclinável, Descanso de Braço 3D, Off White - XTR-068;R$ 1.044,99
34;Cadeira Gamer XT Racer Defender, Até 120kg, Com Almofadas, Reclinável, Descanso de Braço 3D, Preto - XTR-034;R$ 824,90
35;Cadeira Gamer MX6, Giratória, Azul e Preto, Mymax;R$ 649,00
36;Cadeira Gamer Prizi Canvas, Verde;R$ 405,90
37;Cadeira Gamer XT Racer Speed Series, Até 120kg, Com Almofadas, Reclinável, Descanso de Braço 2D, Preto - XTS150;R$ 899,99
38;Cadeira Gamer Alpha Gamer Vega, Preto e Azul, Reclinável, com Almofadas, Cilindro de Gás Classe 4;R$ 799,90
39;Cadeira Gamer ThunderX3 TGC12, Até 120kg, Com Almofadas, Descanso de Braço 2D, Preto e Azul;R$ 969,90
40;Cadeira Gamer Vinik Rocket, 120kg, Ajuste de altura e inclinação Preto - CGR10PT;R$ 579,90
41;Cadeira Gamer Fox Racer Zerda, Preto, Com Apoio De Pe;R$ 459,49
42;Cadeira Gamer Vinik Rocket, 120kg, Ajuste de altura e inclinação Branco e Rosa - CGR10BRS;R$ 649,99
43;Cadeira Gamer Corsair T3 Rush 2023, Até 120Kg, Com Almofadas, Reclinável, Apoio de Braços 4D, Cinza e Branco - CF-9010058-WW;R$ 1.359,90
44;Cadeira Gamer Husky Gaming Snow, Preto e Verde, Cilindro de Gás Classe 4, Base em Metal, Roda em Nylon - HGMA018;R$ 649,99
45;Cadeira Gamer XT Racer Speed Series, Até 120kg, Com Almofadas, Reclinável, Descanso de Braço 2D, Preto e Cinza - XTS130;R$ 799,90
46;Cadeira Gamer DT3 Elise, Até 130 Kg, com Almofadas, Reclinável, Preto - 13436-7;R$ 979,99
47;Cadeira Gamer DT3 Nero XL, Até 160Kg, Com Almofada, Descanso de Braço 4D, Graphite - 13639-2;R$ 1.449,90
48;Cadeira Gamer Mymax MX5, Até 150Kg, com Ajuste de altura, Giratória, Branco e Rosa - MGCH-MX5/PK;R$ 679,90
49;Cadeira Gamer Corsair TC200 Fabric, Até 120Kg, Apoio de Braços 4D, Almofadas, Reclinável, Cilindro Classe 4, Cinza e Branco - CF-9010048-WW;R$ 1.439,90
50;Cadeira Gamer XT Racer Platinum W Style, Até 120kg, Regulagem em três dimensões, Sistema Relax, Preto - XTR-070;R$ 1.399,99
51;Cadeira Gamer DT3 Elise Fabric, Até 130 Kg, Com Almofadas, Reclinável, Descanso de Braço 1D, Preto - 13443-5;R$ 999,90
52;Cadeira Gamer Mx5, Giratoria, Branco e Rosa - Mymax;R$ 679,00
53;Cadeira Gamer PCYes Mad Racer V8 Turbo, Black - V8TBMADPT;R$ 1.039,90
54;Cadeira Gamer Alpha Gamer Zeta Preto, Reclinável, com Almofadas, Cilindro de Gás Classe 4 - AGZETA-BK;R$ 649,90
55;Cadeira Gamer Alpha Gamer Alegra Fabric Cinza - AGALEGRA-F-GRY;R$ 1.189,90
56;Cadeira Gamer Husky Gaming Snow, Preto e Azul, Cilindro de Gás Classe 4, Base em Metal, Roda em Nylon - HSN-BB;R$ 649,99
57;Cadeira Gamer Corsair T3 Rush 2023, Até 120Kg, Com Almofadas, Reclinável, Apoio de Braços 4D, Preto e Cinza - CF-9010057-WW;R$ 1.359,90
58;Cadeira Gamer Alpha Gamer Nimbus, Até 125 kg, Apoio de Braço 4D, Reclinável, Preto e Vermelho - AGNIMBUSBKRED;R$ 999,99
59;Cadeira Gamer Stillus Ergonômica Com Apoio Para Os Pés - Rosa Chiclete;R$ 421,31
60;Cadeira Gamer Rise Mode Z5, Ângulo Ajustável, Braço 4D, Preto, Tecido - RM-CG-Z05-BK-FBC;R$ 959,90
61;Cadeira Gamer ThunderX3 EC3, Até 120 kg,  Preto - 67998;R$ 979,90
62;Cadeira Gamer XT Racer Viking Series, Até 120 Kg, Com Almofadas, Reclinável, Descanso de Braço 3D, Preto - XTR-014;R$ 899,90
63;Cadeira Gamer Mymax MX5, Até 150kg, Com Almofadas, Reclinável, Descanso de Braço 2D, Branco e Azul - MGCH-MX5/BLWH;R$ 679,90
64;Cadeira Gamer Corsair T1 Race, Até 120Kg, Com Almofadas, Reclinável, Apoio de Braços 4D, Preto - CF-9010059-WW;R$ 1.129,90
65;Cadeira Gamer Fortt Lípsia, Até 120Kg, Vermelha - Cgf002-v;R$ 199,00
66;Cadeira Gamer XT Racer Speed Series, Até 120kg, Com Almofadas e Apoio de Pés, Reclinável, Descanso de Braço 2D, Preto - XTS190;R$ 839,90
67;Cadeira Gamer Alpha Gamer Vega, Até 130Kg, Cilindro de Gás 4, Braço Ajustável, Preto e Verde;R$ 999,99
68;Cadeira Gamer DT3 Romeo, Até 140 kg, Com Almofadas, Apoio de Braço 3D+, Reclinável, Preto - 13791-1;R$ 1.099,99
69;Cadeira Noblechairs Hero TX Gaming Chair-anthracite - NBL-HRO-TX-ATC;R$ 2.189,99
70;Cadeira Gamer DT3 Nero Elite, Até 130 kg, Com Almofada, Reclinável, Descanso de Braço 4D, Cilindro de gás Classe 4, Cinza - 13542-5;R$ 2.349,99
71;Cadeira Gamer DT3sports Rhino, Até 200kg, Com Almofadas, Reclinável, Descanso de Braço 4D,  Preto - 11229-5;R$ 2.419,90
72;Cadeira Gamer Alpha Gamer Nimbus, Até 125 kg, Apoio de Braço 4D, Reclinável, Branco e Preto - AGNIMBUSBWHT;R$ 999,99
73;Cadeira Gamer Draxen DN2, 150 kg, Altura Ajustáveis, Reclinação, com almofadas, Preto;R$ 616,55
74;Cadeira Gamer Mymax Mx5 ,Peso Suportado até 150Kg, Giratória, Preto;R$ 645,05
75;Cadeira Gamer XT Racer Viking Series, Até 120kg, Com Almofadas e Apoio de Pés, Reclinável, Descanso de Braço 3D, Preto - XTR-018;R$ 1.099,99
76;Cadeira Gamer Mymax MX5, Até 150Kg, com Ajuste de altura, Giratória, Branco e Roxo - MGCH-MX5/PRWH;R$ 679,90
77;Cadeira Gamer Mymax MX5, Até 150kg, Com Almofadas, Reclinável, Descanso de Braço 2D, Branco e Azul Marinho - MGCH-MX5/BLMR;R$ 664,90
78;Cadeira Gamer PCYes Mad Racer V8 Turbo, Green - V8TBMADVD;R$ 1.059,99
79;Cadeira Gamer Husky Gaming Hailstorm 900, Preto e Azul, Com Almofadas, Reclinável com Sistema Frog, Descanso de Braço 3D - HGMA088;R$ 1.399,99
80;Cadeira Gamer XT Racer Viking Series, Até 120kg, Com Almofadas e Apoio de Pés, Reclinável, Descanso de Braço 3D, Preto e Branco - XTR-022;R$ 1.059,90
81;Cadeira Gamer Mymax MX5, Até 150kg, Com Almofadas, Reclinável, Descanso de Braço 2D, Preto e Branco - MGCH-MX5/WH;R$ 664,90
82;Cadeira Gamer Elements Magna, até 150 kg, Ergonômica, De Tecido, Preto;R$ 1.838,32
83;Cadeira Gamer Husky Gaming Avalanche 900, Preto e Vermelho, Com Almofadas, Reclinável com Sistema Frog, Descanso de Braço 3D - HGMA083;R$ 1.399,99
84;Cadeira Gamer XT Racer Speed Series, Até 120kg, Com Almofadas e Apoio de Pés, Reclinável, Descanso de Braço 2D, Preto e Cinza - XTS170;R$ 849,90
85;Cadeira Gamer Fox Vulpes, Com Ajuste, Reclinável, Com Almofadas, Até 110kg, Branco;R$ 429,90
86;Cadeira Gamer Draxen Dn3, Giratória, Até 150Kg, Branco E Rosa;R$ 699,00
87;Cadeira Gamer Mymax Mx9, Giratória, Preto/Prata;R$ 616,55
88;Cadeira Gamer Corsair TC200, Até 120Kg, Apoio de Braços 4D, Com almofadas, Reclinável, Cilindro de Gás Classe 4, Preto - CF-9010043-WW;R$ 1.459,99
89;Cadeira Gamer Husky Gaming Avalanche, Rosa e Branco, Com Almofadas, Reclinável, Descanso de Braço 3D - HAV-PW;R$ 999,99
90;Cadeira Gamer Alpha Gamer Zeta Black Blue - AGZETA-BK-BL;R$ 849,99
91;Cadeira Gamer XT Racer Defender, Até 120kg, Com Almofadas, Reclinável, Descanso de Braço 3D, Preto e Vermelho - XTR-030;R$ 749,90
92;Cadeira Gamer Alpha Gamer Nebula Fabric,  Até 150 kg, Apoio de Braço 4D, Reclinável, Cinza e Azul - AGNEBULA-GRY-BL;R$ 1.199,99
93;Cadeira Gamer KBM! GAMING Hailstorm CG450, Preta, Com Almofadas, Reclinável, Descanso de Braço 2D - KGCG450PT;R$ 690,90
94;Cadeira Gamer DT3 Gamma Fabric, Até 130 Kg, Com Almofadas, Reclinável, Descanso de Braço 3D, Preto - 13491-8;R$ 1.099,99
95;Cadeira Gamer Falcon, Wake, Preta;R$ 345,90
96;Cadeira Gamer Alpha Gamer Polaris Racing Edition,  Até 150Kg, Cilindro de Gás 4, Descanso de Braço 4D, Preto e Verde - AGPOLARISRE-BK-GRN;R$ 1.499,99
97;Cadeira Gamer Alpha Gamer Polaris Edition, Até 150Kg, Descanso de Braço 4D,  Preto e Branco - AGPOLARISRE-BK-BL;R$ 1.499,99
98;Cadeira Gamer Husky Gaming Blizzard 900, Preto e Vermelho, Com Almofadas, Reclinável com Sistema Frog, Descanso de Braço 3D - HGMA084;R$ 1.399,99
99;Cadeira Gamer Husky Gaming Blizzard 970,  com Almofadas, Acabamento Alcantara, Reclinável com Sistema Frog, Preto - HGMA135;R$ 1.799,99
100;Cadeira Gamer KBM! GAMING Storm CG300, Preta, Com Almofadas, Reclinável, Descanso de Braço 2D - KGCG300PT;R$ 639,90
101;Cadeira Gamer Rise Mode Z5, Ângulo Ajustável, Braço 4D, Cinza - RM-CG-Z05-DG-FBC;R$ 999,99
102;Cadeira Gamer Husky Gaming Blizzard 970, cm Almofadas, Acabamento Alcantara, Reclinável com Sistema Frog, Cinza - HGMA132;R$ 1.799,99
103;Cadeira Gamer Alpha Gamer Nebula Fabric, Tecido, Até 150 kg, Apoio de Braço 4D, Reclinável, Cinza e Rosa - AGNEBULA-GRY-PK;R$ 989,90
104;Cadeira Gamer DT3 Nero, Até 140kg, com Almofada, Reclinável, Braço 4D, Cilindro de Gás Classe 4, Preto - 13747-2;R$ 1.399,99
105;Cadeira Ergonômica Thunderx3 Xtc, Peso Máximo Suportado: 150kg, Mesh Black;R$ 2.899,00
106;Cadeira Gamer Husky Gaming Storm, Branco e Rosa, Com Almofadas, Reclinável, Descanso de Braço 4D - HST-PW;R$ 999,99
107;Cadeira Gamer Fox Racer RGB, Até 130Kg, Com Iluminação E Alto Falante, Preta;R$ 839,90
108;Cadeira Gamer Corsair T1 Race, Até 120Kg, Com Almofadas, Reclinável, Apoio de Braços 4D, Preto e Branco - CF-9010060-WW;R$ 1.299,99
109;Cadeira Gamer ThunderX3 TGC12, Preto e Verde;R$ 899,90
110;Cadeira Gamer DT3 Nero XL, Até 160Kg, Com Almofada, Descanso de Braço 4D, Grape - 13638-1;R$ 1.419,90
111;Cadeira Gamer Rise Mode Z6, Ângulo Ajustável, Braço 2D, ARGB, Branco - RM-CG-06-BW-RGB;R$ 949,99
112;Cadeira Gamer Rise Mode Z10, Ângulo Ajustável, Braço 4D, Preto, PU - RM-CG-Z10-BK;R$ 989,90
113;Cadeira Gamer Alpha Gamer Phenix Fabric, Tecido, Até 150kg, Apoio de Braço 4D, Reclinável, Preto e Azul - AGPHENIX-F-GRY-BK-BL;R$ 1.289,90
114;Cadeira Gamer DT3 Nero Elite Syrah, Até 160 Kg, Com Almofada, Reclinável, Descanso de Braço 4D, Preto e Vinho - 13543-6;R$ 2.249,99
115;Cadeira Gamer Profissional ThunderX3 TGC12, Peso Suportado até 120Kg, Preto;R$ 1.159,90
116;Cadeira Noblechairs Hero Gaming Chair Java Edition - NBL-HRO-PU-JED;R$ 2.799,99
117;Cadeira Gamer Prizi Racer, Até 120Kg, Rosa;R$ 309,90
118;Cadeira Gamer Rise Mode Z3, Ângulo Ajustável, Braço 2D, Preto - RM-CG-03-BK;R$ 749,99
119;Cadeira Gamer Fox Racer Zerda, Branco, Com Apoio De Pe;R$ 478,00
120;Cadeira De Escritório Fortt, Com Rodinha, Verona Branca - Cegf01-b;R$ 365,55
121;Cadeira Gamer XT Racer Viking Series, Até 120kg, Com Almofadas e Apoio de Pés, Reclinável, Descanso de Braço 3D, Preto e Vermelho - XTR-026;R$ 999,90
122;Cadeira Gamer KBM! GAMING Blizzard CG330, Preta, Com Almofadas, Reclinável, Descanso de Braço 2D - KGCG330PT;R$ 659,90
123;Cadeira Gamer Fox Vulpes, Com Ajuste, Reclinável, Com Almofadas, Até 110kg, Preto;R$ 429,90
124;Cadeira Gamer Alpha Gamer Vega, Até 150Kg, Cilindro de Gás 4,  Braço Ajustável, Preto e Laranja;R$ 919,90
125;Cadeira Gamer KBM! GAMING CG370 RGB, Preto, Luz RGB, Com Almofadas, Reclinável - KGCG370RGB;R$ 789,90
126;Cadeira Gamer Mymax MX5, Até 150 Kg, Giratória, Branco e Roxo;R$ 679,00
127;Cadeira Gamer Husky Gaming Snow, Preto e Vermelho, Cilindro de Gás Classe 4, Base em Metal, Roda em Nylon - HSN-BR;R$ 649,99
128;Cadeira Gamer DT3Sports Royce, com Almofada, Reclinável, Apoio de Braço 4D, Cool Black - 13291-6;R$ 2.429,90
129;Cadeira Gamer MyMax, Giratoria, Preto -  MX12;R$ 879,00
130;Cadeira Gamer XT Racer Viking Series, Até 120Kg, Com Almofadas, Reclinável, Descanso de Braço 3D, Preto e Branco - XTR-021;R$ 899,90
131;Cadeira Gamer Mymax MX8, Até 150Kg, Giratória, Preto e Azul;R$ 616,55
132;Cadeira Gamer Preto Healer Lancer Reclinável Giratória;R$ 513,32
133;Cadeira Gamer Noblechairs Epic Copper Limited Edition, Preta/Cobre - PGW-NB-EGC-016;R$ 1.899,99
134;Cadeira Gamer Mymax Mx7, Peso Suportado até 150Kg, Giratória, Preto E Azul;R$ 679,00
135;Cadeira Gamer Husky Gaming Hailstorm 900, Preto e Vermelho, Com Almofadas, Reclinável com Sistema Frog, Descanso de Braço 3D - HGMA085;R$ 1.399,99
136;Cadeira Gamer Alpha Gamer Polaris Racing Edition, Até 150Kg, Cilindro de Gás 4, Descanso de Braço  4D, Preto e Azul - AGPOLARISRE-BK-BL;R$ 1.499,99
137;Cadeira Gamer DT3 Rhino Ashen, Com almofadas, Reclinável, Apoio de braço 4D, Preto - 13341-2;R$ 2.449,99
138;Cadeira Gamer Mymax Mx5, Suportado até 150Kg, Giratória, Preto e Branco;R$ 679,00
139;Cadeira Gamer Mymax MX7, Até 150kg, Com Almofadas, Reclinável, Descanso de Braço 2D, Preto e Rosa - MGCH-002V1/PK;R$ 664,90
140;Cadeira Gamer DT3 Nero, Até 140kg,  Com Almofada, Reclinável, Descanso de Braço 4D, Preto e Azul  - 13548-1;R$ 1.269,90
141;Cadeira Gamer Noblechairs EPIC, Black - NBL-PU-BLA-002;R$ 1.949,90
142;Cadeira Gamer PCYes Mad Racer V8 Turbo, Blue - V8TBMADAZ;R$ 1.059,99
143;Cadeira Gamer DT3 Mizano Fabric, Até 110 kg, Com Almofadas, Apoio de Braço 3D+, Reclinável, Preto - 13796-6;R$ 1.089,90
144;Cadeira Gamer XT Racer Viking Series, Até 120kg, Com Almofadas e Apoio de Pés, Reclinável, Descanso de Braço 3D, Rosa e Branco - XTR-023;R$ 1.099,99
145;Cadeira Gamer XT Racer Defender, Até 120kg, Com Almofadas, Reclinável, Descanso de Braço 3D, Preto e Rosa - XTR-033;R$ 919,99
146;Cadeira Gamer PCYes Mad Racer V8 Turbo, Pink - V8TBMADPK;R$ 799,90
147;Cadeira Gamer Falcon, Meteora, Azul;R$ 479,90
148;Cadeira Gamer Mx5 Giratória Branco E Azul Marinho - Mymax;R$ 679,00
149;Cadeira Gamer Corsair TC200, Até 120Kg, Apoio de Braços 4D, Com Almofadas, Reclinável, Cilindro de Gás Classe 4, Cinza - CF-9010045-WW;R$ 1.459,90
150;Pistão para Cadeiras Husky Gaming Snow, Polar e Frost - HAC-PSPF;R$ 54,99
151;Cadeira Gamer XT Racer Draco, Até 120kg, Com Almofadas, Reclinável, Descanso de Braço 4D, Preto e Dourado - XTR-062;R$ 1.499,99
152;Cadeira Gamer Vinik Rocket, Peso Suportado até 150Kg, Ajuste de Altura e Inclinação, Preta - Cgr10pt;R$ 697,81
153;Cadeira Gamer KBM! GAMING Storm CG300, Preta e Azul, Com Almofadas, Reclinável, Descanso de Braço 2D - KGCG300PTAZ;R$ 639,90
154;Cadeira Gamer ThunderX3 BC3, Black e Red- 67992;R$ 949,99
155;Cadeira Gamer Mymax MX7, Suportado até 150Kg, Giratória, Preto e Rosa;R$ 679,00
156;Cadeira Gamer Cooler Master Caliber X1c Cool-in - Cinza;R$ 2.379,43
157;Cadeira Gamer DT3 Nero Elite Ashen,  Até 160kg, com Almofada, Reclinável, Braço 4D, Cilindro de Gás Classe 4 - 13541-4;R$ 2.499,99
158;Cadeira Gamer KBM! GAMING Storm CG300, Preta e Vermelha, Com Almofadas, Reclinável, Descanso de Braço 2D - KGCG300PTVM;R$ 639,90
159;Cadeira Gamer DT3 Royce Ashen, Com Almofadas, Reclinável, Apoio de braço 4D, Cinza e Preto - 13340-1;R$ 2.449,90
160;Cadeira Gamer DT3 Nero XL, Até 160Kg, Com Almofada, Descanso de Braço 4D, Cloud - 13637-0;R$ 1.449,99
161;Cadeira Gamer Husky Gaming Blizzard 900, Preto, Com Almofadas, Reclinável com Sistema Frog, Descanso de Braço 3D - HGMA062;R$ 1.399,99
162;Cadeira Gamer Noblechairs Hero, Black - NBL-HRO-PU-BLA;R$ 2.199,99
163;Cadeira Gamer XT Racer Draco, Até 120kg, Com Almofadas, Reclinável, Descanso de Braço 4D, Preto - XTR-064;R$ 1.399,99
164;Cadeira Gamer Mymax MX5, Até 150 Kg, Giratória, Branco e Azul;R$ 699,00
165;Cadeira Gamer Fox Racer Zerda, Azul, Com Apoio De Pe;R$ 459,49
166;Cadeira Gamer Mymax MX0, Peso Suportado até 120Kg, Giratória, Preto e Rosa - Mgch-mx0/pk;R$ 379,00
167;Cadeira Gamer XT Racer Draco, Até 120kg, Com Almofadas, Reclinável, Descanso de Braço 4D, Preto e Cinza - XTR-065;R$ 1.499,99
168;Cadeira Gamer Draxen DN1, até 150 kg, RGB, Rodas de Silicone, Encosto Regulável, Almofadas para apoio, Preto;R$ 854,05
169;Cadeira Gamer Mymax MX0, Até 120Kg, Giratória, Preto e Azul;R$ 399,00
170;Cadeira Dxracer Master V2 (i238s-n-n1-a3);R$ 3.199,00
171;Cadeira Gamer Falcon, Blaster Preto,Branca E Vermelha;R$ 669,90
172;Cadeira Gamer XT Racer Platinum W Series Dolce Gusto, Até 120kg, Braços 3D, Sistema Relax, Preto - XTR-010DG;R$ 1.099,90
173;Cadeira Gamer Rise Mode Z5, Ângulo Ajustável, Braço 4D, Preto, PU - RM-CG-05-BK;R$ 799,90
174;Cadeira Gamer Mymax Mx1, Peso Suportado até 120Kg, Giratória, Preto E Rosa -  94013900;R$ 474,05
175;Cadeira Gamer ThunderX3 EC3, Até 120kg, com Almofadas, Preto e Vermelho - 67999;R$ 949,99
176;Cadeira Gamer Draxen Dn3, Giratória, Até 150Kg, Preto/Branco;R$ 699,00
177;Cadeira Gamer PCYes Mad Racer V8 Turbo, White - V8TBMADBC;R$ 1.059,99
178;Cadeira Gamer Alpha Gamer Alegra Fabric, Até 150 kg, Apoio de Braço 4D, Mecanismo Frog, Apoio Lombar Ajustável, Rosa - AGALEGRA-F-PK;R$ 1.189,90
179;Cadeira Gamer KBM! GAMING Storm CG300, Preta e Branca, Com Almofadas, Reclinável, Descanso de Braço 2D - KGCG300PTBR;R$ 639,90
180;Cadeira Office Ergo+ Ls-t7;R$ 238,64
181;Cadeira Gamer Xzone, Peso Suportado até  135Kg, Giratória, Preto e Verde - CGR-02;R$ 386,91
182;Cadeira Gamer Racer X Comfort, Azul.;R$ 768,54
183;Cadeira Gamer DT3 Nero XL, Até 160Kg, Com Almofada, Descanso de Braço 4D, Bubble - 13636-9;R$ 1.379,90
184;Cadeira Gamer Cougar Terminator, Até 135Kg - Ref.3mternxb.0001;R$ 6.678,33
185;Cadeira Gamer DT3 Elise, Até 130 Kg, com Almofadas, Reclinável, Preto e Cinza - 13439-0;R$ 959,99
186;Cadeira Gamer ThunderX3 BC3 CAMO Military Green - 68835;R$ 879,99
187;Cadeira Gamer ThunderX3 BC7 Larger, Black/Cyan - 68841;R$ 1.789,99
188;Cadeira Gamer Elements Magna, Até 130kg, Descanso de Braço 3D, Cilindro de Gás Classe 4, Linho, Cinza Escuro - 70006;R$ 2.510,38
189;Cadeira Gamer Mymax MX1, Peso Suportado até 120Kg, Giratória, Preto e Verde;R$ 474,05
190;Cadeira Gamer Stillus, Ergonômica, Com Apoio Para Os Pés, Preta e Branca;R$ 459,90
191;Cadeira Gamer XT Racer Platinum W Series, Até 120kg, Com Almofadas, Reclinável, Descanso de Braço 3D, Rosa - XTR-069;R$ 1.264,99
192;Cadeira Gamer Cougar Armor Titan Pro Royal,  até 160kg, Com Almofadas, Reclinável, Preta - 3MTITANR.0001;R$ 2.799,00
193;Cadeira Gamer Draxen Dn3 Giratoria,Preta;R$ 699,00
194;Cadeira Gamer Mymax MX7, Suporta Até 150kg, Giratória, Preto E Vermelho;R$ 679,00
195;Cadeira Gamer XT Racer Speed Series, Até 120kg, Com Almofadas, Reclinável, Descanso de Braço 2D, Preto e Vermelho - XTS140;R$ 749,90
196;Cadeira Gamer Stillus Ergonômica Com Apoio Para Os Pés - Azul;R$ 499,90
197;Cadeira Gamer ThunderX3 EC3, Peso Suportado até 150Kg, Ergonômica, Reclinável, Preta - 67998;R$ 980,00
198;Cadeira Gamer KBM! GAMING Storm CG300, Preta e Verde, Com Almofadas, Reclinável, Descanso de Braço 2D - KGCG300PTVD;R$ 639,90
199;Cadeira Gamer Pelegrin, Preta E Cinza - PEL-3011;R$ 499,00
200;Cadeira Gamer Husky Gaming Blizzard 970,  com Almofadas, Acabamento Alcantara, Reclinável com Sistema Frog, Preto e Branco - HGMA136;R$ 1.699,99
201;Cadeira Gamer Mymax MX0, Peso Suportado até 120Kg, Giratória, Preto e Vermelho - Mgch-mx0/rd;R$ 379,00
202;Cadeira Gamer Falcon, Meteora, Vermelha;R$ 479,90
203;Cadeira Gamer DT3 Rhino Artemis, Até 150 Kg, Com Almofadas, Reclinável, Descanso de Braço 4D, Branco e Roxo - 13539-1;R$ 2.449,99
204;Cadeira Gamer Vinik Rocket, 120kg, Ajuste de altura e inclinação Preto e Vermelho - CGR10PVM;R$ 579,90
205;Cadeira Gamer Noblechairs EPIC, Mercedes-AMG Petronas One Team Motosport - PGW-NB-EGC-001;R$ 3.199,99
206;Cadeira Gamer Husky Gaming Blizzard 970, com Almofadas, Acabamento Alcantara, Reclinável com Sistema Frog, Creme e Vermelho  - HGMA134;R$ 1.799,99
207;Cadeira Gamer Falcon,Wake,Vermelha;R$ 345,90
208;Cadeira Vita Headrest Cinza Escuro, 14230-0, Dt3sports;R$ 774,25
209;Cadeira Gamer Royale MoobX, Até 100Kg, Giratória,  Preto e Cinza;R$ 679,99
210;Cadeira De Escritório Presidente Base Cromada Com Rodinha Fortt Sevilha Preta - Cpf04-p;R$ 499,00
211;Cadeira Gamer Preta Healer Wells, Reclinável Giratória;R$ 515,66
212;Cadeira Gamer Thunderx3 Tgc12, Profissional, Suporta Até 120kg, Com Almofadas, Preto E Rosa;R$ 1.014,90
213;Cadeira Gamer Rise Mode Z9, Ângulo Ajustável, Braço 4D, Preto - RM-CG-Z09-BK;R$ 899,90
214;Cadeira Gamer Elements Lunari, Até 150kg, Ajuste 4D, Reclinável, Com Almofadas, Cinza - 0.6898966322;R$ 2.999,99
215;Cadeira Gamer Rise Mode A1, Até 150kg, Descanso de Braço 2D, Com Massageador, Preto e Branco - RM-A1-01-BW;R$ 1.159,99
216;Cadeira Gamer, XT Racer Defender, Reclinável Ergonômica, Tecido Polyester, Preto e Rosa.;R$ 1.139,05
217;Cadeira Gamer Draxen Dn3, Giratória, Até 150Kg, Preto/Verde;R$ 699,00
218;Cadeira Gamer Gamdias Zelus M3 Weave Lb, Até 140Kg - Cinza E Preto;R$ 1.039,50
219;Cadeira Gamer Mymax Mx9, 150kg, Com Almofadas, Braços com Regulagem 2D, Giratória, Cilindro de Gás Classe 2 - 80mm, Preto e Vermelho;R$ 616,55
220;Cadeira Gamer XT Racer Speed Series, Até 120kg, Com Almofadas e Apoio de Pés, Reclinável, Descanso de Braço 2D, Preto e Vermelho - XTS180;R$ 979,99
221;Cadeira Gamer Cooler Master Caliber R2c Cool-in - Preto;R$ 1.429,52
222;Cadeira Gamer Racer X Reclinável Preta;R$ 834,09
223;Cadeira Gamer Fortrek Black Hawk, Peso Suportado até 140Kg, Espuma moldada por injeção, Preta e Rosa - Fkcrpp;R$ 818,88
224;Cadeira Gamer X­rocker Dazz;R$ 585,64
225;Cadeira Gamer Mymax Mx8, Giratória, 150Kg, Preto E Vermelho;R$ 616,55
226;Cadeira Gamer DT3 N10 Fabric, Até 130Kg, Reclinável, Braço 4D, Claase 4, Preto - 14101-7;R$ 2.069,99
227;Cadeira Gamer Fox Racer RGB, Com Alto Falante, Rosa;R$ 839,90
228;Cadeira Gamer Giratoria MX12 MyMax, Suporta 150Kg, Preto e Vermelho;R$ 854,05
229;Cadeira Gamer XT Racer Defender, Até 120kg, Com Almofadas, Reclinável, Descanso de Braço 3D, Preto e Cinza - XTR-032;R$ 919,99
230;Cadeira Gamer Falcon,Blaster Preto,Branca E Azul;R$ 669,90
231;Cadeira Gamer Stillus, Ergonômica, Com Apoio Para Os Pés, Dourada;R$ 489,90
232;Cadeira Dt3 Gamma Fabric Black, Peso máximo suportado: 120kg;R$ 1.425,80
233;Cadeira Gamer  Fortrek Vickers, Peso Suportado até 135Kg, Mecanismo Butterfly, Preto e vermelho - 70520;R$ 866,85
234;Cadeira Gamer Noblechairs Hero, Black White - NBL-HRO-PU-BPW;R$ 2.259,99
235;Cadeira Gamer Cougar Gaming Argo One 3margos.0001;R$ 2.669,11
236;Cadeira Gamer Healer até 120 kg Preto E Branco Healer Lancer Reclinável Giratória;R$ 515,66
237;Cadeira Gamer Pelegrin Kids, Em Couro Pu, Preta e Cinza, - PEL-9353;R$ 289,00
238;Cadeira Gamer Conthey Cinesis Xtreme, Até 150 Kg - N2159702;R$ 999,90
239;Cadeira Gamer Premium X-zone, Peso Suportado até 135Kg, Reclinável, Preta E Verde - Cgr 01;R$ 494,91
240;Cadeira Gamer Mymax Mx15 Giratoria Peso Máximo Suportado: 150 Kg, Preto;R$ 1.044,05
241;Cadeira Gamer DT3 N10 XL Fabric, Até 130Kg, Reclinável, Braço 4D, Claase 4, Preto - 14102-8;R$ 2.249,99
242;Cadeira Gamer DN2, Preto e Azul, Draxen;R$ 569,05
243;Cadeira Gamer MoobX Nitro Com Regulagem de Altura e Reclinação 180°;R$ 699,99
244;Cadeira Gamer Falcon, Wake, Azul;R$ 345,90
245;Cadeira Gamer Goldentec Gt Mercury, Suporta Até 120Kg;R$ 758,90
246;Cadeira Gamer Rise Mode Z9, Ângulo Ajustável, Braço 4D, Preto - RM-CG-Z09-BK-FBC;R$ 979,90
247;Cadeira Gamer Redragon Heth, C313-b - Preto;R$ 1.229,99
248;Cadeira Gamer Kids Em Couro Pu, Preta e Verde, Pelegrin - Pel-9353;R$ 289,00
249;Cadeira Gamer Thunderx3 TGC12 Profissional, Até 120kg, Com Almofadas, Reclinável, Descanso de Braço 2D, Rosa e Preto - 78203;R$ 1.059,99
250;Cadeira Gamer Hoopson, Preta E Branca - CG-506;R$ 1.499,87
251;Cadeira Gamer DT3 Grigio, Até 130Kg, Com Almofadas, Reclinável, Descanso de Braço 1D,  Cinza e Preto - 13373-7;R$ 999,99
252;Cadeira Gamer Hoopson, Reclinável E Giratória - Hp-cg505;R$ 1.499,87
253;Cadeira Gamer Mymax Mx17, 150kg, Giratória, Preto;R$ 854,05
254;Cadeira Gamer Sharkoon Shark Skiller SGS4 Black;R$ 2.539,99
255;Cadeira Gamer Design Office, Linha Gamer Racing, Com Almofada, Regulavel, Cinza com Preto;R$ 4.084,05
256;Cadeira Gamer KBM! GAMING Hailstorm CG450, Preta e Branca, Com Almofadas, Reclinável, Descanso de Braço 2D - KGCG450PTBR;R$ 689,90
257;Cadeira Gamer Pelegrin Em Couro Pu, Preta E Vermelha - PEL-3017;R$ 379,00
258;Cadeira Gamer Thunderx3 Ec1, Suporta Até 120kg, Cilindro De Gás, Almofadas, Preto - 78232;R$ 924,72
259;Cadeira Gamer Noblechairs Hero, Black Blue - NBL-HRO-PU-BBL;R$ 2.299,99
260;Cadeira Gamer Racer X Reclinável Rosa;R$ 834,09
261;Cadeira Gamer, MX11, Giratória, Preto, Mymax;R$ 599,00
262;Cadeira Gamer Thunderx3 BC3 CAMO/AZ Admiral, Peso Suportado até 120Kg, Ergonômica, Reclinável, Camuflada;R$ 987,31
263;Cadeira Gamer Redragon Heth, Preto E Vermelho - C313-br;R$ 864,00
264;Cadeira Gamer XT Racer Attack, Ergonômica E Reclinável, Couro Sintético, Preto E Prata;R$ 949,05
265;Cadeira Gamer Pelegrin Pel-3023 Reclinável Com Led Preta;R$ 599,00
266;Cadeira Gamer Boxbit Atlético Mineiro Fanático, até 120Kg, Base Rodízio;R$ 669,38
267;Cadeira Gamer Mymax MX11, Até 150 Kg, Giratória, Preto E Vermelho;R$ 599,00
268;Cadeira Gamer Reclinável Sparta Com 2 Almofadas Zidi;R$ 2.229,90
269;Cadeira Gamer XT Racer Viking, Reclinável, Ergonômica, Couro Sintético, Preto e Azul;R$ 1.044,05
270;Cadeira Gamer Level Lv-c01dn, Preto;R$ 1.260,00
271;Cadeira Gamer Vinik Comet Cgc10p, Até 120kg, Reclinável, Giratória Com Apoio De Braço 2D E Ajuste De Altura, Preta;R$ 902,53
272;Cadeira Gamer Racer X Comfort, Branca, Peso máximo suportado: 100 Kg;R$ 768,54
273;Cadeira Gamer Pelegrin Em Couro Pu, Reclinável, Suporta Até 150Kg, Preto E Azul - Pel-3019;R$ 519,00
274;Cadeira Gamer ThunderX3 TGC12 EVO, Até 125Kg, com Almofadas, Cilindro de Gás, Branco - 76421;R$ 999,99
275;Cadeira Gamer, Modelo Outrider S Royal - Ref.3mournxb.0001;R$ 1.461,24
276;Cadeira Gamer Dt3 Sports Elise V2 13436-7 Preta Com Almofadas E Reclinavel U Unica Unica;R$ 1.258,75
277;Cadeira Gamer Escritório Cougar Fusion S, Preta E Laranja;R$ 949,00
278;Cadeira Gamer DT3sports Royce Navy Blue - 11914-6;R$ 2.499,99
279;Cadeira Gamer XT Racer Platinum W Com Apoio De Pés Reclinável Ergonômica - Rosa;R$ 1.329,05
280;Cadeira Gamer Infantil Em Couro Pvc Pelegrin Pel-9354, até 60kg - Preto Com Cinza;R$ 239,00
281;Cadeira Gamer XT Racer Viking, Com Apoio de Pés, Reclinável, Ergonômica, Couro Sintético, Preto e Branco;R$ 1.139,05
282;Cadeira Gamer Fortrek Black Hawk, Suporta Até 140Kg, Apoio Ajustável Bi-Direcional, Preto - 70508;R$ 1.036,27
283;Cadeira Gamer KBM! GAMING Blizzard CG330, Preta e Branca, Com Almofadas, Reclinável, Descanso de Braço 2D - KGCG330PRBR;R$ 659,90
284;Cadeira Gamer OexGame Gc200, Até 100Kg, Altura Ajustável, Couro Sinético, Rosa E Preto;R$ 857,29
285;Cadeira Presidente X-prime Xt Office, Até 130 Kg - Xto-008;R$ 2.564,05
286;Cadeira Gamer Cougar Armor Elite White, Até 120 KG - 3MELIWHB.0001;R$ 1.169,91
287;Cadeira Gamer Falcon, Cosmic, Azul;R$ 549,90
288;Kit Gamer Pelegrin Pel-008p Rosa E Cadeira Gamer Pelegrin Pel-3020 Rosa;R$ 1.409,00
289;Cadeira Gamer Pelegrin Pel-3006, Suporta Até 150Kg, Em Couro Pu, Preto e Verde;R$ 429,00
290;Cadeira Gamer Phenix Alpha Gamer, Até 150Kg, 2x Almofadas, Reclinável, Braços 4D, Preto - AGPHENIX-F-GRY-BK;R$ 1.289,90
291;Cadeira Gamer BRX 702, Até 150Kg, Preto E Vermelha;R$ 1.188,30
292;Cadeira Gamer XT Racer Vulcan Reclinável Ergonômica Couro Sintético Preto e Branco;R$ 1.044,05
293;Cadeira Gamer Mymax Mx18, Até 150Kg, Giratória, Preta;R$ 1.044,05
294;Cadeira Gamer Pcyes Mad Racer V8 Turbo Azul - V8tbmadaz;R$ 1.538,89
295;Cadeira Gamer Mymax MX12, Até 150 Kg, Giratória, Preto e Azul;R$ 899,00
296;Cadeira Gamer Racer X Comfort, Verde;R$ 768,54
297;Cadeira Gamer Mymax Mx9, Até 150Kg, Giratória, Preto/Azul;R$ 616,55
298;Cadeira Gamer Cooler Master Caliber X2, Preto;R$ 1.979,00
299;Cadeira Gamer Sharkoon Elbrus 2, Black Red;R$ 1.549,99
300;Kit 2 Cadeiras Gamer Stillus Ergonômica, Com Apoio Para Os Pés, Dourada;R$ 999,90
301;Cadeira Gamer PCYes Mad Racer V8 Turbo, Até 120Kg, Descanso de Braço 4D, Cinza - V8TBMADCZ;R$ 999,99
302;Cadeira Gamer X-zone Premium Cgr-01-r  Preto,vermelho;R$ 494,91
303;Cadeira Gamer Infantil Pelegrin, Em Couro Pu, Preta e Vermelha - Pel-9353;R$ 289,00
304;Cadeira Gamer DT3 Nero, Até 140kg,  Com Almofada, Reclinável, Descanso de Braço 4D, Preto e Roxo  - 13547-0;R$ 1.329,99
305;Cadeira Gamer, XT Racer, Fire Gun, Reclinável Ergonômica, Couro sintético, Preto.;R$ 1.519,05
306;Cadeira Gamer DT3 N10, Até 130Kg, Reclinável, Braço 4D, Claase 4, Preto - 14105-1;R$ 2.069,90
307;Cadeira Gamer, XT Racer Draco, Reclinável Ergonômica, Tecido Polyester, Preto e Cinza.;R$ 1.804,05
308;Cadeira Gamer XT Racer Taycan, Peso Suportado até 130Kg, Com Apoio De Pés, Reclinável, Ergonômica, Couro Sintético - Preto;R$ 1.329,05
309;Cadeira Gamer XT Racer Viking, Reclinável, Ergonômica, Couro Sintético, Preto e Branco..;R$ 1.044,05
310;Cadeira Gamer Racer X, Reclinável, Cinza;R$ 834,09
311;Cadeira Gamer Profissional Dc Superman Reclinável Suporta Até 150kg Azul;R$ 2.049,90
312;Cadeira Gamer Tr-max, Até 120 Kg, de Couro, Giratória, Ajustável - Branca;R$ 1.055,70
313;Cadeira Gamer Falcon,Fury,Preta;R$ 409,90
314;Cadeira Gamer Fortrek Black Hawk, Peso Suportado até 140Kg, Altura Ajustável, Preto e Vermelho;R$ 997,36
315;Cadeira Gamer, XT Racer Defender,Reclinável Ergonômica, Tecido Polyester, Preto.;R$ 1.139,05
316;Cadeira Gamer ThunderX3 EC3, Peso Suportado até 150Kg, Ajustável, Ciano E Preto - 68000;R$ 980,00
317;Cadeira Gamer Design Office, Linha Gamer Racing, Com Almofada, Regulavel, Verde Limão com Preto;R$ 4.084,05
318;Cadeira Gamer Vinik Rocket, Preta Com Azul - Cgr10paz;R$ 621,52
319;Cadeira Gamer, MX11, Giratória, Preto E Azul, Mymax;R$ 599,00
320;Cadeira Gamer Cougar Armor Elite Royal, Até 120Kg - 3meliglb.0001;R$ 1.317,63
321;Cadeira Gamer Preta XT Racer Viking Reclinável Ergonômica Couro Sintético;R$ 1.044,05
322;Cadeira Gamer Vinik Rocket Preta Com Vermelho - Cgr10pvm;R$ 697,81
323;Cadeira Gamer XT Racer Platinum W, Com Apoio De Pés, Reclinável, Ergonômica, Azul;R$ 1.329,05
324;Cadeira Gamer, Racer X Comfort - Rosa;R$ 768,54
325;Cadeira Gamer Mx5, 150kg, Giratória, Com almofadas, Reclinável, Preto/Vermelho;R$ 645,05
326;Cadeira Gamer DT3 Gamma, Até 120 Kg, Com Almofadas, Reclinável, Descanso de Braço 3D, Preto - 13516-6;R$ 999,99
327;Cadeira Gamer TC3 ThunderX3, Suporta até 150Kg, Bumblebee Yellow;R$ 1.371,24
328;Cadeira Gamer Falcon, Cosmic, Vermelha;R$ 549,90
329;Cadeira Gamer Racer X Comfort, Peso máximo suportado: 100 Kg, Cinza;R$ 768,54
330;Cadeira Gamer KBM! GAMING Blizzard CG330, Preta e Vermelha, Com Almofadas, Reclinável, Descanso de Braço 2D - KGCG330PTVM;R$ 659,90
331;Cadeira Gamer Mymax Mx0, Suporta Até 120kg, Giratória, Preto E Branco;R$ 360,05
332;Cadeira Gamer XT Racer Taycan Com Apoio De Pés Reclinável Ergonômica Couro Sintético - Preto e Cinza;R$ 1.329,05
333;Cadeira Gamer Mymax Mx16, Giratória, Preto/Prata;R$ 854,05
334;Cadeira Gamer Fox Racer RGB, Até 130Kg, Iluminação LED, Com Alto Falante, Marrom;R$ 839,90
335;Cadeira Gamer TC3 ThunderX3, Suporta até 125Kg, All White;R$ 1.355,52
336;Cadeira Gamer Racer X, Reclinável, Peso máximo suportado: 130 Kg, Azul;R$ 834,09
337;Cadeira Gamer Office Giratória, Com Elevação A Gás, Extreme F03, Preto E Vermelho - Lyam Decor;R$ 706,27
338;Cadeira Gamer XT Racer Attack Reclinável Ergonômica Couro Sintético - Preto e Vermelho;R$ 949,05
339;Cadeira Gamer Racer X Reclinável Verde;R$ 834,09
340;Cadeira Gamer, XT Racer Defender, Reclinável Ergonômica, Tecido Polyester, Preto e Vermelho;R$ 1.139,05
341;Cadeira Gamer, XT Racer Ergo Air, Reclinável Ergonômica,Mesh Respirável, Preto e Dourado.;R$ 1.234,05
342;Cadeira Gamer XT Racer Attack Com Apoio De Pés Reclinável Ergonômica Couro Sintético - Preto e Azul;R$ 1.044,05
343;Cadeira Gamer Pelegrin Pel-3009, Couro Pu - Preta E Vermelha;R$ 479,00
344;Cadeira Gamer Star Game WG-03, Reclinável, Suporta até 120 kg, Vermelha e Preta;R$ 769,05
345;Cadeira Presidente X-ultra Xt Office, Até 130 Kg - Xto-009;R$ 1.994,05
346;Cadeira Gamer XT Racer Defender, Reclinável Ergonômica, Tecido Polyester, Preto e Verde.;R$ 1.139,05
347;Cadeira Gamer Profissional ThunderX3 TGC12, Peso Suportado até 120Kg, Preta e Azul;R$ 1.014,90
348;Cadeira Vita Headrest Cinza, 14231-1, Dt3sports;R$ 774,25
349;Cadeira Gamer Thunderx3 Ec1, Suporta Até 120kg, Cilindro De Gás, Almofadas, Preto E Rosa - 78233;R$ 851,92
350;Cadeira Gamer Cruiser Fortrek, Suporta até 135Kg, Ajustável, Butterfly, Preta;R$ 1.015,81
351;Cadeira Gamer Falcon Blaster, Até 150KG, Preta;R$ 669,90
352;Cadeira Gamer Noblechairs Hero, Black Red - NBL-HRO-PU-BRD;R$ 2.199,99
353;Cadeira Gamer Xt Racer Platinum W Series Cor:preto;R$ 1.234,05
354;Cadeira Gamer, MX11, Giratória, Preto E Roxo, Mymax;R$ 599,00
355;Cadeira Gamer Cougar Armor Elite Black, Até 120kg - 3meliblb.0001;R$ 1.317,63
356;Cadeira Gamer Pelegrin Em Couro Pu, Reclinável, Preta E Cinza - PEL-3013;R$ 559,00
357;Cadeira Gamer Pcyes Mad Racer V8 Turbo, Peso Suportado até 180Kg, Função Relax, Preta - V8tbmadpt;R$ 1.239,62
358;Cadeira Gamer Rocket, Peso Suportado até 150Kg, Ajuste de altura, Preto e Verde - Cgr10pvd;R$ 697,81
359;Cadeira Gamer Camuflada, Cl-cm039 - Clanm;R$ 1.355,08
360;Cadeira Gamer XT Racer Armor X1 Series Reclinável Ergonômica Couro Sintético Preto;R$ 1.139,05
361;Cadeira Gamer Cooler Master Caliber X1c Preto Cmi-gcx1c-bk, Suporta: 150kg;R$ 2.887,44
362;Cadeira Gamer Pelegrin Pel-3019, Suporta até 150Kg, em Couro Pu, Encosto reclinável com trava, com almofadas, Preta;R$ 886,24
363;Cadeira Gamer XT Racer Viking, Com Apoio de Pés, Reclinável, Ergonômica, Couro Sintético, Rosa e Branco;R$ 1.139,05
364;Cadeira Gamer Boxbit São Paulo SPFC Invicto, até 120Kg, Base Rodízio, reclina até 170 graus, com almofadas;R$ 1.071,00
365;Cadeira Gamer E Escritório Xt Racer Ergonomics Robust Em Tecido Até 180kg,Preta;R$ 2.374,05
366;Cadeira Gamer Fun, Ergonomica Reclinável Giratória Cores - Vermelho;R$ 639,90
367;Cadeira Gamer Infantil Em Couro Pvc Pelegrin Pel-9354, até 60kg - Preto Com Branco;R$ 239,00
368;Cadeira Gamer Kids, Em Couro Pu, Preta e Azul, Pelegrin - Pel-9353;R$ 289,00
369;Cadeira Presidente X-strong Xt Office, Até 120 Kg -  Xto-011;R$ 1.329,05
370;Cadeira Gamer Shopb Tank Reclinável E Giratória - Preta E Branca;R$ 508,95
371;Cadeira Gamer XT Racer Draco, Até 130 Kg, Reclinável Ergonômica, Tecido Polyester, Preto e Dourado;R$ 1.804,05
372;Cadeira Gamer Reclinável Strike Healer, Suporta até 100Kg, Preta;R$ 803,69
373;Cadeira Gamer XT Racer Vulcan Reclinável Ergonômica Couro Sintético Branco e Rosa;R$ 1.044,05
374;Cadeira Gamer Mymax Mx5, Peso Suportado até 150Kg, Giratória, Preto e verde;R$ 943,88
375;Cadeira Gamer Pelegrin, Couro Pu Preta, Vermelha E Cinza - PEL-3009;R$ 479,00
376;Cadeira Gamer Preta XT Racer Viking, Com Apoio De Pés, Reclinável Ergonômica, Couro Sintético;R$ 1.139,05
377;Cadeira Gamer Pelegrin, Até 150 Kg, Em Couro Pu, Reclinável, Preta e Verde - PEL-3019;R$ 519,00
378;Cadeira Gamer PCYes Mad Racer V8 Turbo, Até 120Kg, Descanso de Braço 4D, Amarelo - V8TBMADAM;R$ 999,99
379;Cadeira Gamer Rgb Fox Racer Marrom  Iluminação Led – Logo Preto;R$ 689,00
380;Cadeira Gamer Cougar Armor Elite, Até 120kg, Com almofadas, Descanso de Braço 2D, Preto e Laranja - 3MELIBLB.0001;R$ 1.099,99
381;Cadeira Gamer Fox Racer RGB, Iluminação LED, Até 120Kg, Preta;R$ 882,09
382;Cadeira Gamer Boxbit  Atlético Mineiro Invicto, Até 120 Kg, Base Rodízio;R$ 1.071,00
383;Cadeira Gamer Pelegrin Pel-3005 - Azul, Branca E Preta;R$ 379,00
384;Cadeira Gamer Thunderx3 BC7 Larger, Peso Suportado até 150Kg, Almofadas de pescoço e lombar, Preto E Ciano;R$ 2.187,76
385;Cadeira Gamer De Balanço Pelegrin Pel-3024 Preta Com Led E Auto-falante Bluetooth;R$ 629,00
386;Cadeira Gamer, Elements Magna Special Knit - Grafite;R$ 3.047,27
387;Cadeira Gamer Cruiser Fortrek, Suporta até 135Kg, Preta/Azul;R$ 1.097,10
388;Cadeira Gamer PCYes Mad Racer V8 Turbo, Red - V8TBMADVM;R$ 1.059,99
389;Cadeira Office Elements Lunari, Espuma D50, Mecanismo Frog, Grey;R$ 3.145,00
390;Kit 2 Cadeiras Gamer Stillus Ergonômica, Com Apoio Para Os Pés, Azul;R$ 939,90
391;Cadeira Presidente X-line Xt Office, Até 100 Kg - Xto-013;R$ 949,05
392;Cadeira Gamer Alien Healer, Suporta até 120Kg, Reclinável, Com Apoio de Pés, Preto/Verde;R$ 763,02
393;Cadeira Gamer Noblechairs Hero ST TX, Até 150 Kg, Tecido, Descanso de Braço 4D - NBL-LGD-TX-ATC;R$ 2.199,99
394;Cadeira Gamer Dt3 Elise Fabric V2 13443-5, Com Almofadas Reclinável, Com Descanso De Braço 1D, Preto;R$ 1.258,75
395;Cadeira Gamer Cougar Gaming Argo One Black 3margosb,0001;R$ 2.699,00
396;Cadeira Gamer Design Office, Linha Gamer Racing, Com Almofada, Regulavel, Rosa Pink com Preto;R$ 4.084,05
397;Cadeira Gamer Healer, Level Reclinável Giratória Com Apoio De Pés - Vermelho E Preto;R$ 598,35
398;Cadeira Gamer Fortrek Blackfire, Suporta até 120Kg, Preta/Vermelha;R$ 724,85
399;Cadeira Gamer DT3 N10 XL, Até 130Kg, Reclinável, Braço 4D, Claase 4, Preto - 14106-2;R$ 2.199,90
400;Cadeira Gamer Pcyes Mad Racer V8 Turbo, Peso Suportado até 180Kg, Função Relax, Branca - V8tbmadpt;R$ 1.239,62
401;Cadeira Gamer King Heavy Duty - Cl-ck005;R$ 1.247,00
402;Cadeira Gamer Maxoffice DN2, Até 150 Kg, Preto e Vermelho, Draxen;R$ 616,55
403;Cadeira Gamer, Xtreme Gamers, Cinesis Ny, até 120 Kgs, Reclinável, Braços Fixos, Preta E Branca;R$ 1.399,90
404;Cadeira Gamer Bright - 601;R$ 648,99
405;Cadeira Gamer KBM! GAMING Hailstorm CG450, Preta e Azul, Com Almofadas, Reclinável, Descanso de Braço 2D - KGCG450PTAZ;R$ 689,90
406;Cadeira Gamer Healer, Level Reclinável Giratória Com Apoio De Pés - Verde E Preto;R$ 598,35
407;Cadeira Gamer XT Racer Draco, Até 130 Kg, Reclinável Ergonômica, Tecido Polyester, Preto;R$ 1.804,05
408;Cadeira Gamer Pelegrin Pel-3015, Em Couro PU, Reclinável - Preta E Vermelha;R$ 439,00
409;Cadeira Gamer Reclinável, Strike Healer - Azul/Preto;R$ 803,69
410;Cadeira Gamer Alpha Gamer Zeta, Até 120 Kg, Preto e Vermelho - AGZETA-BK-R;R$ 649,90
411;Cadeira Gamer Design Office, Linha Gamer Racing, Com Almofada, Regulavel, Café com Preto;R$ 4.084,05
412;Cadeira Gamer Warrior Karna, Peso Suportado até 120Kg, Basculante, Giratória, Preta - Ga201;R$ 899,90
413;Cadeira Gamer Profissional ThunderX3 TGC12, Suporta Até 150Kg, Preto E Verde;R$ 1.014,90
414;Cadeira Gamer ThunderX3 TGC12, Até 150Kg, Reclinável, Com Almofadas, Gás Classe 4, Preto E Vermelho;R$ 1.014,90
415;Cadeira Gamer Primex V2 Preto/vermelho, 62000153,;R$ 820,00
416;Mesa Gamer Escrivaninha, Tecno, Nicho - Preto e Verde;R$ 339,90
417;Cadeira Gamer MoobX GT Racer Peso Suportado (kg): 120;R$ 799,99
418;Cadeira Gamer Gallant Racer, Até 140 Kg, Giratória, Altura Regulável, Preta E Vermelha - GCD100RPUA-PT;R$ 1.259,00
419;Cadeira Gamer, Júpiter, Em Couro, Reclinável E Giratória - Vermelha;R$ 2.156,31
420;Cadeira Presidente Gamer, em Couro Pu, Preta e Azul, Pelegrin - Pel-3002;R$ 519,00
421;Cadeira Gamer Sharkoon Skiller SGS2 Black Red;R$ 1.339,99
422;Cadeira Gamer G-hox, Preto, vermelho - Ch-7026;R$ 406,79
423;Cadeira Gamer Fortt Mendoza, Até 120kg, Azul - Cgf002-a;R$ 439,12
424;Cadeira Office Elements Lunari, Espuma D50, Mecanismo Frog, Black;R$ 3.145,00
425;Cadeira Gamer Thunderx3 Ec1, Suporta Até 120kg, Cilindro De Gás, Almofadas, Preto E Branco - 78234;R$ 933,30
426;Cadeira Gamer Pelegrin, Até 150 Kg, Em Couro Pu, Reclinável, Preta e Vermelha - PEL-3019;R$ 519,00
427;Cadeira Gamer, XT Racer Draco, Reclinável Ergonômica, Tecido Polyester, Preto e Rosa.;R$ 1.804,05
428;Cadeira Gamer XT Racer Viking, Reclinável, Ergonômica, Couro Sintético, Rosa e Branco;R$ 1.044,05
429;Cadeira Gamer, XT Racer Taycan, Escritório, Ergonômica, Reclinável, Couro Sintético, Preto;R$ 1.234,05
430;Cadeira Gamer Thunderx3 Tgc12, Evo Edição Limitada, até 125 kg, Ergonômica, Braço Bidirecional, Vermelha;R$ 1.199,00
431;Cadeira Gamer Racer X, Reclinável Hype, Com LED RGB, Peso máximo suportado: 145 Kg;R$ 1.030,74
432;Cadeira Gamer XT Racer Attack, 120Kg, Com Apoio De Pés, Reclinável, Ergonômica, Couro Sintético, Preto e Prata;R$ 1.044,05
433;Cadeira Gamer Racer X Comfort, Vermelha, Peso máximo suportado: 100 Kg;R$ 768,54
434;Cadeira Gamer Cooler Master Caliber R2, Preta - CMI-GCR2 2019BB;R$ 2.215,19
435;Cadeira Gamer Infantil Em Couro Pvc Pelegrin Pel-9354, até 60kg - Preto Com Amarelo;R$ 239,00
436;Cadeira Gamer Gallant, Altura Regulável, Preta/Vermelha -GCD10GPUA-VM;R$ 759,00
437;Cadeira Gamer Reclinável, Strike Healer - Peso Máximo Suportado: 100 kg, Verde/Preto;R$ 803,69
438;Cadeira Gamer KBM! GAMING Blizzard CG330, Preta e Azul, Com Almofadas, Reclinável, Descanso de Braço 2D - KGCG330PTAZ;R$ 659,90
439;Cadeira Gamer Thunderx3 EC1, Peso Suportado até 150Kg, AIR Tech, Preto;R$ 933,30
440;Cadeira Gamer Xt Racer Platinum W Series Cor:vinho;R$ 1.329,05
441;Cadeira Gamer, XT Racer Draco, Reclinável Ergonômica, Tecido Polyester, Preto e Azul.;R$ 1.804,05
442;Cadeira Gamer Mymax MX7, Suportado até 150Kg, Giratória, Preto e Verde;R$ 664,05
443;Cadeira Gamer Em Couro PU, Reclinável - PEL-C215;R$ 529,00
444;Cadeira Gamer Dxracer Prince Giratória Com Regulagem De Altura Preta - Lpf132ltc;R$ 1.459,00
445;Cadeira Gamer Pelegrin Em Couro Pu, Preta E Azul - PEL-3017;R$ 379,00
446;Cadeira Gamer Premium, Xzone - Cgr-01-bw;R$ 845,91
447;Cadeira Gamer Clanm Cl-ck047 King, Preto, Com RGB, Braco 2d, Pistao 4;R$ 1.179,90
448;Cadeira Gamer Noblechairs Hero, Black Gold - NBL-HRO-PU-GOL;R$ 2.199,99
449;Cadeira Gamer Sharkoon Skiller SGS40, 150kg, Braço 4D, Preto;R$ 2.379,99
450;Cadeira Gamer Gallant Pro, Até 140 Kg, Giratória, Altura Regulável, Preto e Vermelho;R$ 1.059,00
451;Cadeira Gamer Pelegrin, Em Couro PU, Reclinável, Preta E Vermelha - PEL-3003;R$ 699,00
452;Cadeira Gamer, XT Racer Defender, Reclinável Ergonômica, Tecido Polyester Preto e Cinza.;R$ 1.139,05
453;Cadeira Gamer Brazil PC Júpiter, Em Couro, Reclinável E Giratória, Castanho E Caramelo;R$ 849,00
454;Cadeira Gamer Pelegrin, Preta E Cinza - PEL-3005;R$ 379,00
455;Cadeira Gamer ThunderX3 TC3, Suporta Até 150Kg, All Black;R$ 1.294,00
456;Cadeira Gamer Reclinável Strike Healer, Vermelho/Preto;R$ 803,69
457;Cadeira Gamer Pelegrin Pel-3005 Preta E Verde;R$ 379,00
458;Cadeira Gamer Stillus Ergonômica Com Apoio Para Os Pés - Preto;R$ 489,90
459;Cadeira Gamer Cougar Armor Titan Pro - 3MTITANS.0001;R$ 2.699,00
460;Cadeira Gamer Xt Racer Platinum W Series Cor:branco;R$ 1.329,05
461;Cadeira Gamer MoobX Thunder, Peso Suportado até 125Kg, Braços Reguláveis 2D, e Regulagem De Altura, Preto e Azul;R$ 764,99
462;Cadeira Gamer Dn2 Preto/azul Celeste - Draxen;R$ 649,00
463;Cadeira Gamer Gc200, Estofado Em Couro Sintético, 100kg, Preto e Laranja;R$ 432,00
464;Cadeira Gamer KBM! GAMING Hailstorm CG450, Preta e Vermelha, Com Almofadas, Reclinável, Descanso de Braço 2D - KGCG450PTVM;R$ 689,90
465;Cadeira Gamer Moobx Thunder Preto;R$ 899,99
466;Cadeira Gamer Racer X, Reclinável, Vermelha, Peso máximo suportado: 130 Kg;R$ 834,09
467;Cadeira Gamer Gallant Pro Giratória, Altura Regulável, Preta - GCD10GPUB-AZ;R$ 999,00
468;Cadeira de escritório, Gamer XT Racer Fire Gun, Reclinável Ergonômica, Couro sintético, Preto e Vermelho.;R$ 1.519,05
469;Cadeira Gamer Mymax, Mx5, Até 150kg, Giratória Branco E Verde;R$ 679,00
470;Cadeira Gamer Thunderx3 Tgc12, Evo Edição Limitada, até 125 kg, Ergonômica, Braço Bidirecional, Azul;R$ 1.998,89
471;Cadeira Gamer Mymax Mx12, Peso Máximo Suportado: 150kg, Giratória, Preto/Branco;R$ 899,00
472;Cadeira Gamer E Escritório Xt Racer Platinum W Styles E Tecido,preto;R$ 1.424,05
473;Cadeira Gamer Thunderx3 Ec3, até 125 kg, com almofadas, Ajustável, Air Tech, Rosa;R$ 1.199,52
474;Cadeira Gamer Infantil Em Couro Pvc Pelegrin Pel-9354, até 60kg - Preto Com Vermelho;R$ 239,00
475;CADEIRA GAMER DT3 SPORTS NERO SYRAH COM APOIO LOMBAR 4D;R$ 3.245,89
476;Cadeira Gamer Cooler Master Caliber X2, Preto Com Cinza;R$ 1.897,70
477;Cadeira Gamer King Cl-ck047 - Clanm;R$ 1.920,00
478;Cadeira Dt3 Office Cavalleria Diana, Até 130Kg, Black - 11726-7;R$ 1.378,55
479;Cadeira Gamer Mymax Mx5, Até 150Kg, Giratória, Preto E Azul;R$ 679,00
480;Cadeira Gamer Mymax Mx12, Giratória, Preto/Verde;R$ 899,00
481;Cadeira Gamer Racer X, Reclinável - Branca;R$ 834,09
482;Cadeira Presidente X-home Xt Office, Até 110 Kg - Xto-010;R$ 949,05
483;Cadeira Office Elements Lunari, Espuma D50, Mecanismo Frog, Cream;R$ 3.745,11
484;Cadeira Gamer Prizi, PZ1005, Suporta Até 120kg, Vermelha;R$ 482,59
485;Cadeira Gamer Alpha Gamer Alegra Fabric, Até 150 kg, Apoio de Braço 4D, Mecanismo Frog, Apoio Lombar Ajustável, Azul - AGALEGRA-F-BL;R$ 1.189,90
486;Cadeira Gamer Mymax MX15, Até 150 Kg, Giratória, Preto e Azul;R$ 854,05
487;Cadeira Gamer Mymax Mx9, até 150kg, Giratória, Com Almofadas, Reclinável, Preto/Roxo;R$ 616,55
488;Cadeira Gamer Mymax Mx1, Peso Suportado até 120Kg, Giratória, Preto E Azul - mgch-8131/bl;R$ 474,05
489;Cadeira Gamer Pelegrin em Couro Pu, Reclinável, Suporta até 150Kg, Preta e Verde - Pel-3018;R$ 599,00
490;Cadeira Gamer Cooler Master Caliber R3, Preto E Roxo - Cmi-Gcr3-Pr;R$ 1.471,36
491;Cadeira Gamer Mymax Mx5, Até 150 Kg, Giratória, Preta e Vermelha;R$ 679,00
492;Cadeira Gamer Cougar Armor Elite, Até 120kg, Com almofadas, Descanso de Braço 2D, Branco - 3MELIWHB.0001;R$ 1.049,99
493;Cadeira Gamer Fox Racer RGB, Até 130Kg, Reclinável, Com Almofadas, Iluminação LED, Rosa;R$ 689,00
494;Cadeira Game XT Racer Extreme, Reclinável Ergonômica, Couro Sintético, Preto;R$ 1.424,05
495;Cadeira Gamer Healer Suporta até 120 kg, Branco e Rosa Strike, Reclinável, Giratória;R$ 803,69
496;Cadeira Gamer DT3 Mizano Fabric, Até 110 kg, Com Almofadas, Apoio de Braço 3D+, Reclinável, Cinza - 13799-9;R$ 1.079,99
497;Cadeira Gamer Dazz Série M, Encosto Reclinável, Preto E Rosa - 625170;R$ 1.790,99
498;Cadeira Gamer Pelegrin, Couro Pu, Preto E Vermelha - PEL-3006;R$ 479,00
499;Cadeira Gamer Ergonômica Thunderx3, De Rodinhas, Tecido Respirável, Apoio De Lombar E De Cabeça Ajustável, Até 120Kg, Ciano E Preto;R$ 1.457,27
500;Cadeira Gamer Cougar Armor Evo, Até 160kg  - 3mevoorb.0001;R$ 2.699,00
501;Cadeira Gamer Sharkoon Skiller SGS2 Black Blue;R$ 1.339,99
502;Cadeira Gamer Greatek Reclinável, Até 150Kg, Estofada, Roxa e Preta;R$ 829,00
503;Cadeira Thunderx3 Tc3, até 125 kg, Rotação de 360 grau, Sakura White;R$ 1.385,98
504;Cadeira Gamer Stillus Ergonômica Com Apoio Para Os Pés - Vermelho;R$ 445,81
505;Cadeira Gamer Gamdias Zelus E3 Weave L Gb, até 120kg, C/ Apoio De Braço, Cinza/preto;R$ 796,50
506;Cadeira Gamer Aerocool Air All Black, Preto - Ac40c;R$ 749,00
507;Cadeira Gamer Pcyes Mad Racer V8 Turbo, até 180kg, Inclinação 135º, ergonômica, estofado de poliéster  Vermelha - V8tbmadvm;R$ 1.239,62
508;Cadeira Gamer Cougar Armor Evo Royal, Até 160kg - 3mevoglb.0001;R$ 2.695,00
509;Cadeira Gamer Sharkoon Elbrus 2, Black Blue;R$ 1.549,99
510;Cadeira Gamer Mymax Mx1, Giratória, Preto E Vermelho - mgch-8131/rd;R$ 569,05
511;Cadeira Gamer Healer Strike, Suporta até 120Kg, Reclinável com Regulagem, com Almofada Lombar e Pescoço, Pink/Preto;R$ 803,69
512;Cadeira Gamer DT3Sports Elise Fabric, Suporta até 130Kg, Azul;R$ 1.099,99
513;Kit 2 Cadeiras Gamer Stillus Ergonômica, Com Apoio Para Os Pés, Rosa;R$ 904,90
514;Cadeira Gamer Cougar Armor One 3MARONXB-0001, Preta e Laranja;R$ 1.806,70
515;Cadeira Gamer Healer Strike Reclinável Giratória, suporta até 120 kg, Rosa E Branco;R$ 803,69
516;Cadeira Dxracer Dog (jk004-nw);R$ 1.579,99
517;Cadeira Gamer Thunderx3 Tgc12, Profissional, Suporta Até 120Kg, Preta E Branca;R$ 1.318,00
518;Cadeira Gamer Pelegrin, Reclinável, Preta E Cinza - PEL-3018;R$ 599,00
519;Cadeira Thunderx3 Tc3, até 125 kg, Rotação de 360 grau, Azure Blue;R$ 1.370,75
520;Cadeira Gamer Fortrek Vickers, Preta;R$ 812,40
521;Cadeira Gamer Cruiser Fortrek, Suporta até 135Kg, Preto/Rosa;R$ 1.039,36
522;Cadeira Gamer, Cooler Master, Caliber R1 - Azul - Cmi-gcr1-2019b;R$ 1.955,68
523;Cadeira Gamer Racer X Comfort, Laranja.;R$ 768,54
524;Cadeira Gamer ThunderX3 EC3, Suporta até 150Kg, Preta/Vermelha;R$ 1.172,86
525;Cadeira Gamer Comet Vinik, Branca, Ergonômica, Reclinável Com Apoio De Braço 2d E Ajuste De Altura;R$ 773,10
526;Cadeira Gamer XT Racer Attack Com Apoio De Pés Reclinável Ergonômica Couro Sintético - Preto e Vermelho;R$ 1.044,05
527;Cadeira Gamer OEX Game Gc300, Peso Suportado até 180Kg, Mecanismo padrão Borboleta, Preto e Cinza;R$ 1.567,41
528;Cadeira Gamer Galax Giratória Gc-01 Rgb, Preta - Rg01p4dby0;R$ 1.927,12
529;Cadeira Gamer Pelegrin Pel-3009, Couro PU - Preta, Vermelha E Azul;R$ 479,00
530;Cadeira Gamer Falcon, Fury,Vermelha;R$ 409,90
531;Cadeira Presidente Gamer Em Couro Pu, Preta E Verde Pelegrin - PEL-3002;R$ 519,00
532;Cadeira Gamer Pelegrin, Couro Pu Preta, Vermelha E Verde - PEL-3009;R$ 479,00
533;Cadeira Gamer Pelegrin Em Couro Pu, Reclinável, Preta E Vermelha - PEL-3013;R$ 559,00
534;Cadeira Presidente Gamer, Em Couro Pu, Preta e Vermelho, Pelegrin - Pel-3002;R$ 519,00
535;Cadeira Gamer Pelegrin, Em Couro PU, Reclinável, Preta E Verde - PEL-3012;R$ 689,00
536;Cadeira Gamer Pelegrin Em Couro Pu Reclinável Pel-3012 Preta E Cinza;R$ 689,00
537;Cadeira Gamer Sun House Hawker, Em Courino, Preto E Cinza - 61951;R$ 981,90
538;Cadeira De Escritório Dt3 Alera Grey - Encosto Reclinável 132° - Apoio De Cabeça Ajustável - Cinza;R$ 1.789,99
539;Cadeira Gamer Fox Nordic Confort Preto Apoio Para Os Pes;R$ 759,05
540;Cadeira Gamer Thunderx3 Bc3 Camo, Verde Militar;R$ 1.037,25
541;Cadeira Gamer Fortrek Vickers, Preta, verde;R$ 1.045,95
542;Cadeira Gamer Fortrek Cruiser, Preta, azul;R$ 1.220,29
543;Cadeira Gamer Fortrek Black Hawk, Preta, verde;R$ 1.037,25
544;Cadeira Gamer Thunderx3 Tgc12 Evo, Vermelha;R$ 1.473,17
545;Cadeira Gamer Thunderx3 Ec3, Laranja;R$ 1.399,49
546;Cadeira Gamer Dt3 Sports Nero, Grape - 13547-0;R$ 1.811,98
547;Cadeira Gamer Thunderx3 Tgc12, Azul;R$ 1.299,71
548;Cadeira Gamer Thunderx3 Tgc12, Preta;R$ 1.473,17
549;Cadeira Gamer Fortrek Vickers, Preta, rosa;R$ 1.045,95
550;Cadeira Gamer Clanm Profissional Mount, Rosa, Giratória, Com Rodinhas E Ajuste De Altura, Apoio Para Cabeça E Almofada Para As Costas, Até 150Kg;R$ 774,09
551;Cadeira Gamer Fortrek Cruiser, Preta, rosa;R$ 1.220,29
552;Cadeira Gamer Sun House Hawker, Em Courino, Preto E Cinza - 61951;R$ 981,90
553;Cadeira Gamer Thunderx3 Tc3, Neon, Green;R$ 1.599,87
554;Cadeira Gamer Thunderx3 Ec1, Branca;R$ 987,83
555;Cadeira Gamer Thunderx3 Ec1, Vermelha;R$ 987,83
556;Cadeira De Escritório Dt3 Alera Grey - Encosto Reclinável 132° - Apoio De Cabeça Ajustável - Cinza;R$ 1.789,99
557;Cadeira Gamer Fox Nordic Confort Preto Apoio Para Os Pes;R$ 759,05
558;Cadeira Gamer Goldentec Gt Moon;R$ 699,90
559;Cadeira Gamer Design Office Diretor, Linha Gamer Racing, ate 110 Kg, Sem Almofada, Marrom com Preto;R$ 3.413,69
560;Cadeira Gamer Design Office Diretor, Linha Gamer Racing, ate 110 Kg, Sem Almofada, Laranja com Preto;R$ 3.413,69
561;Cadeira Gamer Design Office Diretor, Linha Gamer Racing, ate 110 Kg, Sem Almofada, Cinza Claro com Preto;R$ 3.413,69
562;Cadeira Gamer Design Office Diretor, Linha Gamer Racing, ate 110 Kg, Sem Almofada, Café com Preto;R$ 3.413,69
563;Cadeira Gamer Design Office Diretor, Linha Gamer Racing, ate 110 Kg, Sem Almofada, Preto com Preto;R$ 3.413,69
564;Cadeira Gamer Design Office Diretor, Linha Gamer Racing, ate 110 Kg, Sem Almofada, Verde Água com Preto;R$ 3.413,69
565;Cadeira Gamer Design Office Diretor, Linha Gamer Racing, ate 110 Kg, Sem Almofada, Verde com Preto;R$ 3.413,69
566;Cadeira Gamer Design Office Diretor, Linha Gamer Racing, ate 110 Kg, Sem Almofada, Bege com Preto;R$ 3.413,69
567;Cadeira Gamer Design Office Diretor, Linha Gamer Racing, ate 110 Kg, Sem Almofada, Azul Claro com Preto;R$ 3.413,69
568;Cadeira Gamer Design Office Diretor, Linha Gamer Racing, ate 110 Kg, Sem Almofada, Azul com Preto;R$ 3.413,69
569;Cadeira Gamer Design Office Diretor, Linha Gamer Racing, ate 110 Kg, Sem Almofada, Vinho com Preto;R$ 3.413,69
570;Cadeira Gamer Design Office, Linha Gamer Racing, Com Almofada, Regulavel, Verde com Preto;R$ 4.084,05
571;Cadeira Gamer Design Office, Linha Gamer Racing, Com Almofada, Regulavel, Telha com Preto;R$ 4.084,05
572;Cadeira Gamer Design Office, Linha Gamer Racing, Com Almofada, Regulavel, Roxo com Preto;R$ 4.084,05
573;Cadeira Gamer Design Office, Linha Gamer Racing, Com Almofada, Regulavel, Azul com Preto;R$ 4.084,05
574;Cadeira Gamer Design Office, Linha Gamer Racing, Com Almofada, Regulavel, Marrom com Preto;R$ 4.084,05
575;Cadeira Gamer Amarelo Com Almofada Linha Gamer Racing;R$ 4.084,05
576;Cadeira Gamer Design Office, Linha Gamer Racing, Com Almofada, Regulavel, Rosa Claro com Preto;R$ 4.084,05
577;Cadeira Gamer Base Giratória Com Braço Linha Gamer Racing;R$ 3.413,69
578;Cadeira Gamer Viper Pro Preta, verde, Naja;R$ 916,68
579;Cadeira Gamer Design Office Móveis Interlocutor Linha Gamer Racing, Peso recomendado: até 120 kg, Vermelho;R$ 3.413,69
580;Cadeira Gamer Design Office Móveis Interlocutor Linha Gamer Racing, Peso recomendado: até 120 kg, Verde;R$ 3.413,69
581;Cadeira Gamer Design Office Móveis Interlocutor Linha Gamer Racing, Peso recomendado: até 120 kg, Laranja;R$ 3.413,69
582;Cadeira Gamer Design Office Móveis Interlocutor Linha Gamer Racing, Peso recomendado: até 120 kg, Rosa;R$ 3.413,69
583;Cadeira Gamer Design Office Móveis, Giratória Linha Gamer Racing - Amarelo;R$ 3.919,42
584;Cadeira Gamer Design Office Móveis Giratória Com Braço, Linha Gamer Racing - Azul;R$ 3.919,42
585;Cadeira Gamer Sentinel, Até 150Kg, Reclinável, Braço 4D, Classe 4, Preto - PCSTL-PT;R$ 1.319,90
586;Cadeira Gamer Para Escritório, Linha Gamer Racing, Branco;R$ 3.919,42
587;Cadeira Gamer, Interlocutor, Linha Gamer Racing - Rosa;R$ 3.413,69
588;Cadeira Gamer Para Escritório, Linha Gamer Ravenna, Vermelho;R$ 2.811,05
589;Cadeira Gamer Design Office Móveis Para Home Office Linha Gamer Blenda Azul;R$ 2.227,75
590;Cadeira Gamer Para Escritório, Linha Gamer Racing, Rosa;R$ 3.919,42
591;Cadeira Gamer Para Escritório, Linha Gamer Racing, Vermelho;R$ 3.919,42
592;Cadeira Gamer Para Escritório, Linha Gamer Racing, Vermelho;R$ 3.919,42
593;Cadeira Gamer, Giratória Com Braço, Linha Gamer Racing - Azul;R$ 3.919,42
594;Cadeira Gamer Para Escritório, Linha Gamer Racing, Verde;R$ 3.919,42
595;Cadeira Gamer Para Escritório, Linha Gamer Racing, Cinza;R$ 3.919,42
596;Cadeira Gamer, Interlocutor, Linha Gamer Racing - Cinza;R$ 3.413,69
597;Cadeira Gamer Design Office, Interlocutor Linha Gamer Racing - Marrom;R$ 3.413,69
598;Cadeira Gamer, Interlocutor, Linha Gamer Racing - Vermelho;R$ 3.413,69
599;Cadeira Gamer, Interlocutor, Linha Gamer Racing - Amarelo;R$ 3.413,69
600;Cadeira Gamer, Interlocutor, Linha Gamer Racing - Vermelho;R$ 3.413,69
601;Cadeira Gamer Para Escritório, Linha Gamer Racing, Verde;R$ 3.919,42
602;Cadeira Gamer Para Escritório, Linha Gamer Racing, Cinza;R$ 3.919,42
603;Cadeira Gamer, Interlocutor, Linha Gamer Racing - Cinza;R$ 3.413,69
604;Cadeira Gamer Para Escritório, Linha Gamer Racing, Branco;R$ 3.919,42
605;Cadeira Gamer, Interlocutor, Linha Gamer Racing - Amarelo;R$ 3.413,69
606;Cadeira Gamer Sentinel, Até 150Kg, Reclinável, Braço 4D, Classe 4, Preto - PCSTL-PT;R$ 1.319,90
607;Cadeira Gamer Design Office Móveis Base Giratória Com Braço, Linha Gamer Racing - Vermelho;R$ 3.919,42
608;Cadeira Gamer Viper Pro Preta, verde, Naja;R$ 916,68
609;Kit 2 Cadeiras Gamer Stillus Ergonômica, Com Apoio Para Os Pés, Preta, Branca;R$ 929,90
610;Cadeira Gamer BRX 719, Até 120Kg, Vermelho E Preto;R$ 848,30
611;Cadeira Gamer Aerocool Air, Preto E Vermelho - Ac40c;R$ 749,00
612;Cadeira Gamer Thunderx3 Tc3 Sakura Black Rosa;R$ 1.414,48
613;Cadeira Cougar Gaming Nxsys Aero - 3marporb.0001;R$ 2.599,00
614;Cadeira Gamer Cougar Armor Elite Preto E Laranja 3meliorb.0001;R$ 1.169,10
615;Cadeira Gamer, Modelo Armor Air - Ref.3maair.0001;R$ 1.505,76
616;Cadeira Gamer Tr-max, Até 120 Kg, de Couro, Giratória, Ajustável - Preta;R$ 1.055,70
617;Cadeira Gamer, Xtreme Gamers, Supra, até 120 Kgs, Reclinável, Braços Fixos, Preta E Azul;R$ 1.199,00
618;Cadeira Gamer Escritório Bright - Preta E Amarela - 605;R$ 599,00
619;Cadeira Gamer Pelegrin, Em Couro PU, Reclinável, Preta E Azul - PEL-3003;R$ 699,00
620;Cadeira Gamer Pelegrin Pel-3011, Preta E Vermelha;R$ 499,00
621;Cadeira Gamer Pelegrin Pel-3011, Preta E Azul;R$ 499,00
622;Cadeira Gamer Redragon Coeus, Preto E Verde - C201-bg;R$ 1.440,00
623;Cadeira Gamer  Clanm,Preta E Cinza Mount;R$ 981,10
624;Cadeira Gamer Giratória Profissional Fortrek Com Rodinhas E Ajuste De Altura Apoio Para Cabeça E Almofada Para As Costas + Mesa Gamer Vickers Preta;R$ 1.624,03
625;Cadeira Gamer Fortrek Black Hawk Preta De Alta Resistência Giratória Com Rodinhas, Ajuste Lateral Ombro E Encosto Para Jogos + Mesa Gamer Com Pés Nivelados;R$ 1.605,74
626;Cadeira Gamer Fortrek Black Hawk, Preta, rosa;R$ 1.037,25
627;Cadeira Gamer, Preto Com Branco, Cl-cm081 - Clanm;R$ 1.355,10
628;Cadeira Gamer, Xtreme Gamers, Maximum, até 120 Kgs, Reclinável, Braços Fixos, Preta E Azul;R$ 1.610,90
629;Cadeira Gamer, Xtreme Gamers, Maximum, até 120 Kgs, Reclinável, Braços Fixos, Preta E Vermelha;R$ 1.610,90
630;Cadeira Gamer Royale Preto, Branco E Vermelho, com regulagem de altura;R$ 764,99
631;Cadeira Gamer Dt3 Sports Nero, Cloud;R$ 1.811,98
632;Cadeira Gamer Escritório Rosa Fortrek Black Hawk, Alta Qualidade, Com Ergonomia Ajustável + Apoio Lombar E De Braços + Mesa Gamer Fortrek Vickers Com Pés Niveladores;R$ 1.592,99
633;Cadeira Gamer Thunderx3 Tc3 Bumblebee, Amarela;R$ 1.599,98
634;Cadeira Gamer Fortrek Vickers, Preta, vermelha;R$ 1.045,95
635;Cadeira Gamer Clanm Heavy Duty Silver, Com Almofadas, Base De Metal, Até 180Kg;R$ 1.303,81
636;Cadeira Gamer King Gaming Clanm RGB, Preto, Luz RGB, Com Almofadas, Até 150Kg;R$ 1.083,84
637;Cadeira Gamer Thunderx3 Ec1, Rosa;R$ 987,83
638;Cadeira Gamer Pcyes Mad Racer V8 Turbo, Até 120KG, Cinza;R$ 1.304,86
639;Cadeira De Escritório Dt3 Vicenza Dark Grey - Apoio De Braço Ajustável - Cinza Escuro - 13890-1;R$ 1.179,99
640;Cadeira De Escritório Dt3 Vicenza Black - Apoio De Braço Ajustável - Preta - 13385-0;R$ 1.179,99
641;Cadeira Gamer Thunderx3 Tgc12 Evo, Branca;R$ 1.473,17
642;Cadeira Gamer Thunderx3 Bc7 Xxl, Ciano;R$ 2.845,26
643;Cadeira Gamer G-hox Ch-6010, Amarelo, preto;R$ 674,30
644;Cadeira Gamer Thunderx3 Ec3, Rosa;R$ 1.399,49
645;Cadeira Gamer, Modelo Armor Air Black - Ref.3maairb.0001;R$ 1.998,00
646;Cadeira Gamer Elg Yang Preto/vermelho - Ch32bkrd;R$ 1.150,77
647;Cadeira Gamer Thunderx3 Tc3 Tiger, Laranja;R$ 1.599,87
648;Cadeira Gamer Pcyes Mad Racer Sti Turbo, Até 120Kg, Arctic Blue;R$ 703,28
649;Cadeira Gamer Mymax Mx15, Giratória, Preto/Vermelho;R$ 899,00
650;Cadeira Office Xt Racer, Até 136 Kg - X-art Xto-002;R$ 1.519,05
651;Cadeira Gamer OexGame Gc500, Com LED E Controle Remoto, Até 120Kg, Cilindro Classe 4, 2 Almofadas Removíveis, Preto E Cinza;R$ 2.074,85
652;Cadeira Gamer G-hox 2049d, RGB;R$ 649,13
653;Cadeira Gamer Or Design F16, Peso Máx. Suportado 120Kg, Resistente, Preto- OR-3318PRETA;R$ 1.061,90
654;Cadeira Gamer Overseas Overx Pro Opt, Até 120Kg, Ergonômica/Giratória, Preto E Vermelho;R$ 1.099,90
655;Cadeira Gamer Dt3 Sports Elise, Series 14061-2, Rosa, Com Ajuste De Altura E Inclinacao;R$ 1.599,90
656;Cadeira Gamer Sentinel, Até 150Kg, Reclinável, Braço 4D, Classe 4, Azul - PCSTL-AZ;R$ 1.319,90
657;Cadeira Gamer Sentinel, Até 150Kg, Reclinável, Braço 4D, Classe 4, Verde - PCSTL-VD;R$ 1.319,90
658;Cadeira Gamer Sentinel, Até 150Kg, Reclinável, Braço 4D, Classe 4, Vermelho - PCSTL-VM;R$ 1.319,90
659;Cadeira Gamer Design Office Móveis Giratória Com Braço, Linha Gamer Racing - Azul;R$ 3.919,42
660;Cadeira Gamer Design Office Móveis Interlocutor Linha Gamer Racing, Peso recomendado: até 120 kg, Roxo;R$ 3.413,69
661;Cadeira Gamer Design Office Móveis Para Escritório Linha Gamer Cagliari Rosa;R$ 2.612,50
662;Cadeira Gamer Para Escritório, Linha Gamer Racing, Verde;R$ 3.919,42
663;Cadeira Gamer, Giratória Linha Gamer, Racing Amarelo - Azul;R$ 3.919,42
664;Cadeira Gamer Base Giratória Com Braço Linha Gamer Racing;R$ 3.413,69
665;Cadeira Gamer Base Fixa Com Braço Linha Gamer Racing Azul;R$ 2.618,97
666;Cadeira Gamer Com Almofada, Cinza, Linha Gamer Racing;R$ 4.084,05
667;Cadeira Gamer Design Office Móveis, Até 120 Kg,  Base com Braço,  Vermelho;R$ 3.413,69
668;Cadeira Gamer Design Office, Linha Gamer Racing, Com Almofada, Regulavel, Azul Claro com Preto;R$ 4.084,05
669;Cadeira Gamer Design Office Móveis Base Giratória Com Braço Linha Gamer Racing - Vermelho;R$ 3.919,42
670;Cadeira Gamer Cooler Master Caliber R1, Vermelha, Cmi-gcr1 2019r;R$ 1.799,24
671;Cadeira Gamer Interlocutor  Verde Linha Gamer Racing;R$ 3.413,69
672;Cadeira Gamer Design Office Móveis Interlocutor, Linha Gamer Racing, até 120 kg, Bege;R$ 3.413,69
673;Cadeira Gamer Interlocutor  Azul Linha Gamer Racing;R$ 3.413,69
674;Cadeira Gamer Design Office Diretor, Linha Gamer Racing, ate 110 Kg, Sem Almofada, Roxo com Preto;R$ 3.413,69
675;Cadeira Gamer Design Office Diretor, Linha Gamer Racing, ate 110 Kg, Sem Almofada, Rosa Claro com Preto;R$ 3.413,69
676;Cadeira Gamer Design Office Diretor, Linha Gamer Racing, ate 110 Kg, Sem Almofada, Cinza com Preto;R$ 3.413,69
677;Cadeira Gamer Design Office, Linha Gamer Racing, Com Almofada, Regulável, Vermelho com Preto;R$ 4.084,05
678;Cadeira Gamer Design Office, Linha Gamer Racing, Com Almofada, Regulavel, Verde Escuro com Preto;R$ 4.084,05
679;Cadeira Gamer Design Office Diretor, Linha Gamer Racing, ate 110 Kg, Sem Almofada, Amarelo Mostarda com Preto;R$ 3.413,69
680;Cadeira Gamer Sentinel, Até 150Kg, Reclinável, Braço 4D, Classe 4, Azul - PCSTL-AZ;R$ 1.319,90
681;Cadeira Gamer Sentinel, Até 150Kg, Reclinável, Braço 4D, Classe 4, Verde - PCSTL-VD;R$ 1.319,90
682;Cadeira Gamer Sentinel, Até 150Kg, Reclinável, Braço 4D, Classe 4, Vermelho - PCSTL-VM;R$ 1.319,90
683;Cadeira Gamer Design Office Móveis Base Giratória Com Braço Linha Gamer Racing - Vermelho;R$ 3.919,42
684;Cadeira Gamer Interlocutor  Verde Linha Gamer Racing;R$ 3.413,69
685;Cadeira Gamer Design Office Móveis Interlocutor, Linha Gamer Racing, até 120 kg, Bege;R$ 3.413,69
686;Cadeira Gamer Interlocutor  Azul Linha Gamer Racing;R$ 3.413,69
687;Cadeira Gamer Cooler Master Caliber R1, Vermelha, Cmi-gcr1 2019r;R$ 1.799,24
688;Cadeira Gamer Design Office Móveis Interlocutor Linha Gamer Racing, Peso recomendado: até 120 kg, Roxo;R$ 3.413,69
689;Cadeira Gamer Design Office Móveis Para Escritório Linha Gamer Cagliari Rosa;R$ 2.612,50
690;Cadeira Gamer Design Office Móveis Giratória Com Braço, Linha Gamer Racing - Azul;R$ 3.919,42
691;Cadeira Gamer Cougar Armor Elite, Até 120Kg - 3meliorb.0001;R$ 1.317,63
692;Cadeira Cougar Gaming Nxsys Aero, Black - 3marpblb.0001;R$ 2.899,00
693;Cadeira Gamer, Xtreme Gamers, Supra, até 120 Kgs, Reclinável, Braços Fixos, Preta E Vermelha;R$ 1.199,00
694;Cadeira Gamer Elg Racing Ch03rd;R$ 798,31
695;Cadeira Gamer Tr-max, Até 120 Kg, de Couro, Giratória, Ajustável - Vermelha;R$ 1.055,70
696;Cadeira Gamer Falcon,Fury,Azul;R$ 409,90
697;Cadeira Gamer Multi Sense Viper,  Até 130Kg, Azul  - Ga227;R$ 952,46
698;Cadeira Thunderx3 Tc3, até 125 kg, Rotação de 360 grau, Neon Green;R$ 1.324,18
699;Cadeira Gamer Thunderx3 Ec3, até 125 kg, com almofadas, Ajustável, Air Tech, Laranja;R$ 1.199,52
700;Cadeira Gamer Thunderx3 Ec3, até 125 kg, com almofadas, Ajustável, Air Tech, Laranja;R$ 1.199,52
701;Cadeira Gamer Thunderx3 Tgc12, Evo Edição Limitada, até 125 kg, Ergonômica, Braço Bidirecional, Verde;R$ 1.998,89
702;Cadeira Gamer Pelegrin, Reclinável, Preta E Vermelha - PEL-3018;R$ 599,00
703;Cadeira Gamer Pelegrin, Em Couro PU, Reclinável, Preta E Vermelha - PEL-3012;R$ 689,00
704;Cadeira Gamer Pelegrin, Preta E Azul - PEL-3005;R$ 379,00
705;Cadeira Gamer Pelegrin, Preta E Vermelha - PEL-3005;R$ 379,00
706;Cadeira Gamer Estofada Camuflada Greatek;R$ 1.339,90
707;Cadeira Gamer Reclinável, Greatek, Preto e Vermelho;R$ 992,21
708;Cadeira Gamer Clanm,Jungle Preta E Azul;R$ 809,90
709;Cadeira Gamer Dt3 Sports Nero Elite, Cool Black - 13542-5;R$ 3.245,89
710;Cadeira Gamer Havit Gamenot Gc918, Preta;R$ 1.299,00
711;Cadeira Gamer Fortrek Cruiser, Preta;R$ 1.220,29
712;Cadeira Gamer Fortrek Vickers, Preta, azul;R$ 1.045,95
713;Cadeira Gamer Thunderx3 Ec3, Vermelha;R$ 1.399,49
714;Cadeira Gamer Thunderx3 Tc3 Ember, Vermelha;R$ 1.599,98
715;Cadeira Gamer Thunderx3 Tgc12, Verde;R$ 1.299,71
716;Cadeira Gamer Fortrek Vickers, Preta;R$ 1.045,95
717;Cadeira Gamer Fortrek Cruiser, Preta, verde;R$ 1.220,29
718;Cadeira Gamer Thunderx3 Tgc12, Vermelha;R$ 1.299,71
719;Cadeira Gamer G-hox Ch-8701, Branco, azul;R$ 843,31
720;Cadeira Gamer Gxt 707r Resto Gaming Trust;R$ 1.274,41
721;Cadeira Gamer Dt3 Sports Elise V2 13439-0, Cinza, Com Almofadas E Reclinavel, Suporta Ate 130kg, U Unica;R$ 1.258,75
722;Cadeira Gamer Thunderx3 Ec1 Boss Void, Preta;R$ 987,83
723;Cadeira Vita Headrest Laranja, 14231-1, Dt3sports;R$ 774,25
724;Cadeira De Escritório Dt3 Alera Red - Encosto Reclinável 132° - Apoio De Cabeça Ajustável - Vermelha;R$ 1.789,99
725;Cadeira Gamer Thunderx3 Tc3, All White, Branca;R$ 1.599,98
726;Cadeira Vita Headrest Azul, 14229-8, Dt3sports;R$ 774,25
727;Cadeira Gamer Thunderx3 Ec1, Preta;R$ 987,83
728;Cadeira Gamer Sentinel Red Magma, Vermelha - Pcstl-vm;R$ 1.807,85
729;Cadeira Gamer Sentinel Colbat Blue Pcyes, Até 150KG, Inclinação de 135 Graus,  Suporte Ergonômico, Azul;R$ 1.903,00
730;Cadeira Gamer Sentinel Mint Green Pcyes, Até 150KG, Inclinação de 135 Graus, Suporte Ergonômico, Preta;R$ 1.807,85
731;Cadeira Gamer Sentinel Mint Green Pcyes, Até 150KG, Inclinação de 135 Graus,  Suporte Ergonômico, Verde;R$ 1.903,00
732;Cadeira Gamer Thunderx3 Tc3 Sakura Black, Rosa;R$ 1.651,85
733;Cadeira Gamer Thunderx3 Tgc12, Rosa;R$ 1.299,71
734;Cadeira Gamer Thunderx3 Tgc12, Branca;R$ 1.368,12
735;Cadeira Gamer Dt3 Elise Fabric V2 13446-8, Vermelho, Com Almofadas Reclinavel E Com Descanso De Braco, 1d U Unica;R$ 1.039,99
736;Cadeira Gamer 3 Niveis Reclinagem Sup Pernas Braço Estofado;R$ 698,90
737;Cadeira Gamer OverX Pro Opt, Até 120Kg, Ergonômica, Giratória, Preto E Azul;R$ 1.099,90
738;Cadeira Gamer Goldentec Gt Mars, Peso Máximo suportado 120kg;R$ 799,00
739;Cadeira Gamer Design Office, Linha Gamer Racing, Com Almofada, Regulavel, Laranja com Preto;R$ 4.084,05
740;Cadeira Gamer Base Fixa Com Braço Linha Gamer Racing Azul;R$ 2.618,97
741;Cadeira Gamer Base Giratória Com Braço Linha Gamer Racing;R$ 3.413,69
742;Cadeira Gamer Design Office, Linha Gamer Racing, Com Almofada, Regulavel, Branco com Preto;R$ 4.084,05
743;Cadeira Gamer Design Office, Linha Gamer Racing, Com Almofada, Regulavel, Bege com Preto;R$ 4.084,05
744;Cadeira Gamer Design Office Móveis Gamer Racing, Até 120 Kg, Base com Braço, Vermelho;R$ 3.413,69
745;Cadeira Gamer Base Giratória Com Braço Linha Gamer Racing Amarelo;R$ 3.413,69
746;Cadeira Gamer Base Fixa Com Braço Linha Gamer Racing Azul;R$ 2.618,97
747;Cadeira Gamer, Preto, Com Almofada, Linha Gamer Racing;R$ 4.084,05
748;Cadeira Gamer Base Fixa Com Braço Linha Gamer Racing Azul;R$ 2.618,97
749;Cadeira Gamer Design Office Diretor, Linha Gamer Racing, ate 110 Kg, Sem Almofada, Telha com Preto;R$ 3.413,69
750;Cadeira Gamer Design Office Diretor, Linha Gamer Racing, ate 110 Kg, Sem Almofada, Rosa Pink com Preto;R$ 3.413,69
751;Cadeira Gamer Design Office, Linha Gamer Racing, Com Almofada, Regulável, Vinho com Preto;R$ 4.084,05
752;Cadeira Gamer Design Office Diretor, Linha Gamer Racing, ate 110 Kg, Sem Almofada, Branco com Preto;R$ 3.413,69
753;Cadeira Gamer Design Office, Linha Gamer Racing, Com Almofada, Regulavel, Verde Água com Preto;R$ 4.084,05
754;Cadeira Gamer Design Office Diretor, Linha Gamer Racing, ate 110 Kg, Sem Almofada, Vermelho com Preto;R$ 3.413,69
755;Cadeira Gamer Design Office Diretor, Linha Gamer Racing, ate 110 Kg, Sem Almofada, Verde Escuro com Preto;R$ 3.413,69
756;Cadeira Gamer Design Office Móveis Interlocutor Linha Gamer Racing, Peso recomendado: até 120 kg, Azul;R$ 3.413,69
757;Cadeira Gamer Design Office Móveis Para Escritório Linha Gamer Cagliari Verde;R$ 2.612,50
758;Cadeira Gamer Design Office Móveis Interlocutor Linha Gamer Racing, Peso recomendado: até 120 kg, Verde com Preto;R$ 3.413,69
759;Cadeira Gamer Design Office Móveis Interlocutor Linha Gamer Racing, Peso recomendado: até 120 kg, Verde;R$ 3.413,69
760;Cadeira Gamer Para Escritório, Linha Gamer Racing, Bege;R$ 3.919,42
761;Cadeira Diretor X-work Xt Office, Até 90 Kg - Xto-012;R$ 664,05
762;Kit 2 Cadeiras Gamer Stillus Ergonômica, Com Apoio Para Os Pés, Preto;R$ 999,90
763;Cadeira Gamer Design Office Diretor, Linha Gamer Racing, ate 110 Kg, Sem Almofada, Telha com Preto;R$ 3.413,69
764;Cadeira Gamer Design Office Diretor, Linha Gamer Racing, ate 110 Kg, Sem Almofada, Rosa Pink com Preto;R$ 3.413,69
765;Cadeira Gamer Design Office, Linha Gamer Racing, Com Almofada, Regulável, Vinho com Preto;R$ 4.084,05
766;Cadeira Gamer Design Office Diretor, Linha Gamer Racing, ate 110 Kg, Sem Almofada, Branco com Preto;R$ 3.413,69
767;Cadeira Gamer Design Office, Linha Gamer Racing, Com Almofada, Regulavel, Verde Água com Preto;R$ 4.084,05
768;Cadeira Gamer Design Office Diretor, Linha Gamer Racing, ate 110 Kg, Sem Almofada, Vermelho com Preto;R$ 3.413,69
769;Cadeira Gamer Design Office Diretor, Linha Gamer Racing, ate 110 Kg, Sem Almofada, Verde Escuro com Preto;R$ 3.413,69
770;Cadeira Gamer Design Office, Linha Gamer Racing, Com Almofada, Regulavel, Laranja com Preto;R$ 4.084,05
771;Cadeira Gamer Base Fixa Com Braço Linha Gamer Racing Azul;R$ 2.618,97
772;Cadeira Gamer Design Office Móveis Interlocutor Linha Gamer Racing, Peso recomendado: até 120 kg, Azul;R$ 3.413,69
773;Cadeira Gamer Design Office Móveis Para Escritório Linha Gamer Cagliari Verde;R$ 2.612,50
774;Cadeira Gamer Design Office Móveis Interlocutor Linha Gamer Racing, Peso recomendado: até 120 kg, Verde com Preto;R$ 3.413,69
775;Cadeira Gamer Design Office Móveis Interlocutor Linha Gamer Racing, Peso recomendado: até 120 kg, Verde;R$ 3.413,69
776;Cadeira Gamer Design Office Móveis Interlocutor Linha Gamer Racing, Peso recomendado: até 120 kg, Cinza;R$ 3.413,69
777;Cadeira Gamer Base Giratória Com Braço Linha Gamer Racing;R$ 3.413,69
778;Cadeira Gamer Design Office, Linha Gamer Racing, Com Almofada, Regulavel, Branco com Preto;R$ 4.084,05
779;Cadeira Gamer Design Office, Linha Gamer Racing, Com Almofada, Regulavel, Bege com Preto;R$ 4.084,05
780;Cadeira Gamer, Preto, Com Almofada, Linha Gamer Racing;R$ 4.084,05
781;Cadeira Gamer Base Fixa Com Braço Linha Gamer Racing Azul;R$ 2.618,97
782;Cadeira Gamer Base Giratória Com Braço Linha Gamer Racing;R$ 3.413,69
783;Cadeira Gamer Base Giratória Com Braço Linha Gamer Racing Vermelho;R$ 3.919,42
784;Cadeira Gamer Xzone, Premium, Cgr-03-r - Preto/vermelho;R$ 642,31
785;Cadeira Gamer BRX 711, Até 120kg, Preto E Vermelho;R$ 1.018,30
786;Cadeira Gamer Xzone Cgr-03-b Premium, Preto;R$ 656,91
787;Cadeira Gamer Aerocool Air, Preto E Azul - Ac40c;R$ 749,00
788;Cadeira Gamer Tr-max, Até 120 Kg, de Couro, Giratória, Ajustável - Azul;R$ 1.055,70
789;Cadeira Gamer Cougar Armor Elite Eva - 3melipnb.0001;R$ 1.317,63
790;Cadeira Gamer Cougar Armor Elite Royal, Até 120kg - 3meliglb.0001;R$ 1.169,99
791;Cadeira Gamer Viper Pro Python Ata, Preta, Verde;R$ 618,03
792;Cadeira Gamer Viper Pro Mamba, Até 120 Kg, Com Almofadas, Reclinável, Acolchoada, Giratória, Preta - Vi402 Cadmamba602;R$ 699,90
793;Cadeira Gamer Moob Horizon, Giratória, Com Função Relax, Braços Ajustáveis, Preto;R$ 699,99
794;Cadeira Sense Elite Gamer, Multi Ga228, Branco;R$ 1.049,48
795;Cadeira Gamer Thunderx3 Tgc12 Evo, até 125kg, com almofadas, Braço bidirecional, Couto Sintetico, Branca;R$ 1.160,92
796;Cadeira Gamer Thunderx3 Ec3, até 125 kg, com almofadas, Ajustável, Air Tech, Branca;R$ 1.161,30
797;Cadeira Gamer Fortrek, Cruiser, Preta/Vermelha, Reclinável;R$ 1.039,36
798;Cadeira Gamer Black Hawk Fortrek, Preta com Verde;R$ 980,00
799;Cadeira Gamer Fortrek Black Hawk, Até 120Kg, Reclinável, Preto E Azul;R$ 999,32
800;Cadeira Gamer, MoobX, Profissional Thunder, Braços Reguláveis 2D e Regulagem De Altura;R$ 899,99
801;Cadeira Gamer, MoobX, Profissional Thunder, Braços Reguláveis 2D e Regulagem De Altura;R$ 899,99
802;Cadeira Gamer MoobX Nitro, Até 125 Kg, Com Regulagem de Altura e Reclinação 180°;R$ 699,99
803;Cadeira Gamer PRO-X Gaming Executiva, Reclinável, Giratóri Preto/Vermelho;R$ 949,90
804;Cadeira Gamer Bela MoobX GT Racer Profissional, Preto/Amarelo;R$ 799,99
805;Cadeira Gamer ThunderX3 Camo/VD Military - BC3;R$ 980,00
806;Cadeira Gamer, MoobX, GT Racer;R$ 799,99
807;Cadeira Gamer Fortrek Vickers, Suporta até 135Kg, Preta/Verde;R$ 805,15
808;Cadeira Gamer Pelegrin em Couro Pu, Reclinável, Suporta até 150Kg, Preta e Cinza - Pel-3003;R$ 699,00
809;Cadeira Gamer Fortrek Vickers, Suporta até 135Kg, Preta/Rosa;R$ 975,16
810;Cadeira Gamer ThunderX3 TC3, Peso Suportado até 125Kg, Apoio de Braços Bi-direcional, Ember Red;R$ 1.378,04
811;Cadeira Gamer Cruiser Fortrek, Suporta até 135Kg, Preta/Verde;R$ 1.039,36
812;Cadeira Gamer Fortrek Vickers, Peso Suportado até 135Kg, Mecanismo Butterfly, Azul - 70521;R$ 964,08
813;Cadeira Gamer ThunderX3 EC1, Suporta até 150Kg, Vermelha;R$ 933,30
814;Cadeira Gamer Mad Racer Sti Master Preto - Madstimspt;R$ 1.140,00
815;Cadeira Gamer Gc200 - Oex Game - Preta;R$ 902,41
816;Cadeira Gamer Gc200 - Oex Game - Preta E Cinza;R$ 432,00
817;Cadeira Gamer Elg Black Hawk Ch05bkrd;R$ 2.005,40
818;Cadeira Gamer Top Tag, Giratória, Vermelho  - HS2706RD;R$ 1.099,99
819;Cadeira Gamer Pelegrin, Em Couro Pu, Reclinável, Preta e Verde - Pel-3013;R$ 559,00
820;Cadeira Gamer Pelegrin, Em Couro PU, Reclinável, Preta E Azul - PEL-3012;R$ 689,00
821;Cadeira Gamer Reclinável, Preta E Cinza, Kross - KE-GC101;R$ 499,00
822;Cadeira Gamer Reclinável, Preta E Vermelha, Kross - KE-GC100;R$ 499,00
823;Cadeira Gamer Reclinável Predator Com 2 Almofadas Zidi;R$ 1.729,90
824;Cadeira Gamer Reclinável Predator Com 2 Almofadas Zidi;R$ 1.729,90
825;Cadeira Gamer Reclinável Predator, Com 2 Almofadas - Zidi;R$ 1.729,90
826;Cadeira Office Pro Gamer G-force Preto E Azul - D´rossi;R$ 2.617,90
827;Cadeira Gamer Giratoria Branco Top Tag - HS927WT;R$ 1.136,00
828;Cadeira Gamer Moobx Thunder Preto E Vermelho;R$ 899,99
829;Cadeira Gamer Reclinável Sparta Com 2 Almofadas Zidi;R$ 2.229,90
830;Cadeira Gamer Reclinável Sparta Com 2 Almofadas Zidi;R$ 2.229,90
831;Cadeira Gamer Gc302, Estofado Em Couro, Sintético, 120kg, Preto e Laranja;R$ 1.234,53
832;Cadeira Gamer Gc301, Estofado Em Couro Sintético, 120kg, Preto e Laranja;R$ 1.353,66
833;Cadeira Gamer F-New, Azul, Reclinável Giratória;R$ 989,00
834;Cadeira Gamer, Gt Shock;R$ 1.190,28
835;Cadeira Gamer 3316-or Design - Vermelho;R$ 556,92
836;Cadeira Gamer Top Tag Hs158bli - Azul E Preta;R$ 1.338,56
837;Cadeira Gamer Kross Racing Preta E Vermelho Ke-gc300;R$ 699,00
838;Cadeira Gamer Reclinável Greatek, Preto e Azul;R$ 829,00
839;Cadeira Gamer, Giratória Extreme F01, Preta/azul  - Mpozenato;R$ 1.023,90
840;Cadeira Gamer Dt3sports Rgb Estelar V3;R$ 2.299,00
841;Cadeira Gamer B.Hoff Mobile Reclinável E Relax, Com Iluminação LED RGB, Preta, Peso suportado: até 120 kg.;R$ 1.021,69
842;Cadeira Gamer Boxbit F16, Vermelha, Base Rodízio;R$ 846,09
843;Cadeira Gamer Boxbit F16 Army, Base Rodízio;R$ 1.038,87
844;Cadeira Gamer, Oexgame, Gc200, 100kg;R$ 857,29
845;Cadeira Gamer Havit Gc932, Azul E Preto;R$ 1.499,00
846;Cadeira Gamer Havit GC932, Vermelho E Preto;R$ 1.499,00
847;Cadeira Gamer Stars, Com Encosto Reclinável, Mecanismo Backsystem, Preta E Azul, Capacidade Até 120Kg;R$ 769,05
848;Cadeira Gamer Boxbit Raptor, Preta E Cinza, Base Rodízio;R$ 556,92
849;Cadeira Gamer Dt3 Sports Royce, Tecido De Algodao E Malha, Cool Black - 13291-6;R$ 2.961,95
850;Cadeira Gamer, Xt Racer, Armor Series, Preto e Vermelho;R$ 996,55
851;Cadeira Gamer XT Racer Vulcan Reclinável Ergonômica Couro Sintético - Preto e Vermelho;R$ 1.044,05
852;Cadeira Gamer, XT Racer Fire Gun, Reclinável Ergonômica, Couro sintético, Preto e Prata.;R$ 1.519,05
853;Cadeira Gamer XT Racer Taycan Escritório Ergonômica Reclinável Couro Sintético - Preto e Cinza;R$ 1.234,05
854;Cadeira Gamer XT Racer Taycan Escritório Ergonômica Reclinável Couro Sintético - Preto e Vermelho;R$ 1.234,05
855;Cadeira Gamer, XT Racer Viking, Reclinável Ergonômica, Couro Sintético, Preto e Amarelo.;R$ 1.044,05
856;Cadeira Gamer XT Racer Vulcan Reclinável Ergonômica Couro Sintético Preto;R$ 1.044,05
857;Braços para Cadeiras Husky, 2 lados Polar - HAC-BP;R$ ----
